id,titulo_original,puesto,empresa,portal,fecha_publicacion,salario_min,salario_max,experiencia_anios,categoria_rol,descripcion,habilidades,cluster,pca_x,pca_y,nombre_cluster
1,DevOps Engineer,DevOps Engineer,GBM Panamá,Computrabajo,2026-03-15,1800.0,2700.0,2,DevOps & Cloud,"En GBM Panamá estamos expandiendo nuestro equipo técnico. Requerimos DevOps Engineer con sólidos conocimientos en Python, Kubernetes, Linux, Git, AWS para liderar la transformación digital de la empresa.","Python,Kubernetes,Linux,Git,AWS",0,-0.2545246418691706,0.2339899881613458,Frontend / UI Web
2,Data Analyst,Data Analyst,KPMG Panamá,Computrabajo,2026-02-03,2200.0,3700.0,1,Data & Analytics,Gran oportunidad laboral en Ciudad de Panamá. Importante empresa del sector (KPMG Panamá) busca incorporar un Data Analyst con al menos 1 años de experiencia comprobada.,"Python,R,Excel",3,0.1458324995257881,0.06778296583328684,Data & Analytics / BI
3,IT Project Manager,IT Project Manager,Panafoto,Computrabajo,2026-02-18,2400.0,4200.0,1,Gestión & Agile,"En Panafoto estamos expandiendo nuestro equipo técnico. Requerimos IT Project Manager con sólidos conocimientos en Excel, Scrum, Agile, Jira para liderar la transformación digital de la empresa.","Excel,Scrum,Agile,Jira",1,0.7533815123809307,-0.469998802717762,Data & Analytics / BI
4,DevOps Engineer,DevOps Engineer,Banco General,Computrabajo,2026-05-12,2000.0,3700.0,1,DevOps & Cloud,"En Banco General estamos expandiendo nuestro equipo técnico. Requerimos DevOps Engineer con sólidos conocimientos en Python, Azure, Git para liderar la transformación digital de la empresa.","Python,Git,Azure",0,-0.25416628444269385,0.039120811567530715,Frontend / UI Web
5,React Developer,React Developer,Multibank,Computrabajo,2026-04-08,1400.0,2800.0,3,Frontend,Buscamos un React Developer dinámico para integrarse a nuestro equipo de tecnología. Trabajarás en el desarrollo y mantenimiento de sistemas críticos para Multibank en Panamá.,"JavaScript,Angular",0,-0.1648235243254857,-0.16961846672169845,Frontend / UI Web
6,Frontend Developer,Frontend Developer,Copa Airlines,Konzerta,2026-03-01,1400.0,1700.0,2,Frontend,Gran oportunidad laboral en Ciudad de Panamá. Importante empresa del sector (Copa Airlines) busca incorporar un Frontend Developer con al menos 2 años de experiencia comprobada.,"Git,Angular,React,HTML",0,-0.23299100206262713,-0.17733031546883518,Frontend / UI Web
7,BI Engineer,BI Engineer,Telered,Konzerta,2026-06-10,2200.0,3400.0,1,Data & Analytics,Gran oportunidad laboral en Ciudad de Panamá. Importante empresa del sector (Telered) busca incorporar un BI Engineer con al menos 1 años de experiencia comprobada.,"Python,R,SQL",3,-0.091367019794971,0.006588519755940246,Data & Analytics / BI
8,Cloud Infrastructure Specialist,Cloud Infrastructure Specialist,Supermercados Riba Smith,LinkedIn,2026-03-16,2500.0,3600.0,3,DevOps & Cloud,Buscamos un Cloud Infrastructure Specialist dinámico para integrarse a nuestro equipo de tecnología. Trabajarás en el desarrollo y mantenimiento de sistemas críticos para Supermercados Riba Smith en Panamá.,"Kubernetes,Git,Azure",0,-0.1920866829467807,0.06990585519671647,Frontend / UI Web
9,Mobile Developer,Mobile Developer,APEDE,Computrabajo,2026-01-24,1500.0,2800.0,1,Mobile,Buscamos un Mobile Developer dinámico para integrarse a nuestro equipo de tecnología. Trabajarás en el desarrollo y mantenimiento de sistemas críticos para APEDE en Panamá.,"JavaScript,Flutter,React Native",0,-0.1939789391977927,-0.17991522300233012,Frontend / UI Web
10,Frontend Developer,Frontend Developer,Supermercados Riba Smith,Konzerta,2026-03-14,1800.0,2400.0,2,Frontend,"En Supermercados Riba Smith estamos expandiendo nuestro equipo técnico. Requerimos Frontend Developer con sólidos conocimientos en JavaScript, Git, Vue, Angular, CSS para liderar la transformación digital de la empresa.","Git,JavaScript,Angular,Vue,CSS",0,-0.2147165071190378,-0.1789879342320846,Frontend / UI Web
11,Cloud Infrastructure Specialist,Cloud Infrastructure Specialist,KPMG Panamá,LinkedIn,2026-04-15,1900.0,3000.0,1,DevOps & Cloud,Gran oportunidad laboral en Ciudad de Panamá. Importante empresa del sector (KPMG Panamá) busca incorporar un Cloud Infrastructure Specialist con al menos 1 años de experiencia comprobada.,"Python,Git,Azure,Docker",0,-0.3151866204386643,0.036140249769059586,Frontend / UI Web
12,Desarrollador Web Fullstack,Desarrollador Web Fullstack,Copa Airlines,Konzerta,2026-06-06,2300.0,3600.0,2,Fullstack,Gran oportunidad laboral en Ciudad de Panamá. Importante empresa del sector (Copa Airlines) busca incorporar un Desarrollador Web Fullstack con al menos 2 años de experiencia comprobada.,"Git,AWS,JavaScript,React,Docker",0,-0.48643107052599105,-0.16997345986481513,Frontend / UI Web
13,Fullstack Engineer,Fullstack Engineer,Felipe Motta,Konzerta,2026-01-12,2300.0,3800.0,3,Fullstack,Buscamos un Fullstack Engineer dinámico para integrarse a nuestro equipo de tecnología. Trabajarás en el desarrollo y mantenimiento de sistemas críticos para Felipe Motta en Panamá.,"Python,JavaScript,React,Node.js",0,-0.35279501240327904,-0.19394886251121773,Frontend / UI Web
14,UI Developer,UI Developer,Copa Airlines,LinkedIn,2026-05-10,1300.0,2600.0,3,Frontend,Buscamos un UI Developer dinámico para integrarse a nuestro equipo de tecnología. Trabajarás en el desarrollo y mantenimiento de sistemas críticos para Copa Airlines en Panamá.,"Angular,React,TypeScript",0,-0.14438226157458783,-0.15403883209874034,Frontend / UI Web
15,.NET Consultant,.NET Consultant,Dell Technologies Panamá,LinkedIn,2026-06-12,1500.0,3500.0,2,Backend,"En Dell Technologies Panamá estamos expandiendo nuestro equipo técnico. Requerimos .NET Consultant con sólidos conocimientos en Python, Java, PostgreSQL, C#, .NET para liderar la transformación digital de la empresa.","Python,Java,PostgreSQL,C#,.NET",3,-0.08402937514405012,0.01787698263720542,Data & Analytics / BI
16,Frontend Developer,Frontend Developer,Cable & Wireless,LinkedIn,2026-04-16,1300.0,2100.0,2,Frontend,Buscamos un Frontend Developer dinámico para integrarse a nuestro equipo de tecnología. Trabajarás en el desarrollo y mantenimiento de sistemas críticos para Cable & Wireless en Panamá.,"Git,React,CSS",0,-0.24584567450626396,-0.16233699064815135,Frontend / UI Web
17,Soporte Técnico IT,Soporte Técnico IT,Banco General,Computrabajo,2026-05-02,900.0,1200.0,3,Soporte & IT,"En Banco General estamos expandiendo nuestro equipo técnico. Requerimos Soporte Técnico IT con sólidos conocimientos en Windows Server, Redes para liderar la transformación digital de la empresa.","Windows Server,Redes",2,0.24319458581686082,0.567894222336107,DevOps & Cloud Infrastructure
18,Administrador de Sistemas,Administrador de Sistemas,Multibank,Computrabajo,2026-01-12,1100.0,1600.0,2,Soporte & IT,Buscamos un Administrador de Sistemas dinámico para integrarse a nuestro equipo de tecnología. Trabajarás en el desarrollo y mantenimiento de sistemas críticos para Multibank en Panamá.,"Excel,Windows Server,Cisco,Virtualización",2,0.36373346434499854,0.5395398758574772,DevOps & Cloud Infrastructure
19,Data Analyst,Data Analyst,Dell Technologies Panamá,LinkedIn,2026-04-27,1900.0,2800.0,2,Data & Analytics,"En Dell Technologies Panamá estamos expandiendo nuestro equipo técnico. Requerimos Data Analyst con sólidos conocimientos en Python, Excel, Spark, PostgreSQL para liderar la transformación digital de la empresa.","Python,Excel,PostgreSQL,Spark",3,0.1236596539667627,0.06413477668369257,Data & Analytics / BI
20,IT Project Manager,IT Project Manager,Sonda Panamá,LinkedIn,2026-05-24,2300.0,3900.0,1,Gestión & Agile,Gran oportunidad laboral en Ciudad de Panamá. Importante empresa del sector (Sonda Panamá) busca incorporar un IT Project Manager con al menos 1 años de experiencia comprobada.,"Scrum,Agile,Jira",1,0.6380527530027016,-0.5367825029132134,Data & Analytics / BI
21,React Developer,React Developer,Grupo El Machetazo,Konzerta,2026-02-15,1400.0,2400.0,2,Frontend,"En Grupo El Machetazo estamos expandiendo nuestro equipo técnico. Requerimos React Developer con sólidos conocimientos en JavaScript, TypeScript, Git, HTML, CSS para liderar la transformación digital de la empresa.","Git,JavaScript,HTML,CSS,TypeScript",0,-0.20982035443211167,-0.17050902801185427,Frontend / UI Web
22,Backend Developer,Backend Developer,Supermercados Riba Smith,Konzerta,2026-02-25,1500.0,2700.0,2,Backend,Gran oportunidad laboral en Ciudad de Panamá. Importante empresa del sector (Supermercados Riba Smith) busca incorporar un Backend Developer con al menos 2 años de experiencia comprobada.,"Docker,Java,PostgreSQL,.NET,Spring Boot",3,-0.11995933110696214,-0.0031957681176900043,Data & Analytics / BI
23,Python Developer,Python Developer,Felipe Motta,Konzerta,2026-03-02,1700.0,3000.0,2,Backend,Buscamos un Python Developer dinámico para integrarse a nuestro equipo de tecnología. Trabajarás en el desarrollo y mantenimiento de sistemas críticos para Felipe Motta en Panamá.,"Git,Docker,PostgreSQL,.NET,Spring Boot",3,-0.19832848645700635,-0.02981243317873682,Data & Analytics / BI
24,Scrum Master,Scrum Master,Panafoto,LinkedIn,2025-12-29,2100.0,3800.0,3,Gestión & Agile,Buscamos un Scrum Master dinámico para integrarse a nuestro equipo de tecnología. Trabajarás en el desarrollo y mantenimiento de sistemas críticos para Panafoto en Panamá.,"Excel,Scrum",1,0.5475741418765873,-0.18632001757060654,Data & Analytics / BI
25,Fullstack Engineer,Fullstack Engineer,Tigo Panamá,Konzerta,2026-05-25,1700.0,3600.0,2,Fullstack,Gran oportunidad laboral en Ciudad de Panamá. Importante empresa del sector (Tigo Panamá) busca incorporar un Fullstack Engineer con al menos 2 años de experiencia comprobada.,"Git,React,Docker,Node.js",0,-0.37144257037915807,-0.15365762429437393,Frontend / UI Web
26,Fullstack Engineer,Fullstack Engineer,Tigo Panamá,LinkedIn,2026-01-06,2000.0,2300.0,3,Fullstack,"En Tigo Panamá estamos expandiendo nuestro equipo técnico. Requerimos Fullstack Engineer con sólidos conocimientos en AWS, Docker para liderar la transformación digital de la empresa.","AWS,Docker",0,-0.2645527990799524,0.04153865499942844,Frontend / UI Web
27,UI Developer,UI Developer,Caja de Seguro Social,Konzerta,2026-05-22,1500.0,2800.0,1,Frontend,Buscamos un UI Developer dinámico para integrarse a nuestro equipo de tecnología. Trabajarás en el desarrollo y mantenimiento de sistemas críticos para Caja de Seguro Social en Panamá.,"JavaScript,React,Vue,CSS,TypeScript",0,-0.19939043693361927,-0.19756516796838894,Frontend / UI Web
28,DevOps Engineer,DevOps Engineer,Grupo El Machetazo,Computrabajo,2026-04-29,2700.0,3200.0,6,DevOps & Cloud,"En Grupo El Machetazo estamos expandiendo nuestro equipo técnico. Requerimos DevOps Engineer con sólidos conocimientos en Python, AWS, Kubernetes, Linux para liderar la transformación digital de la empresa.","Python,Kubernetes,Linux,AWS",0,-0.16597041156701234,0.28699106115297157,Frontend / UI Web
29,Scrum Master,Scrum Master,Grupo El Machetazo,Computrabajo,2026-04-19,2000.0,3600.0,2,Gestión & Agile,Buscamos un Scrum Master dinámico para integrarse a nuestro equipo de tecnología. Trabajarás en el desarrollo y mantenimiento de sistemas críticos para Grupo El Machetazo en Panamá.,"Excel,Scrum,Agile,Jira",1,0.7533815123809303,-0.46999880271776223,Data & Analytics / BI
30,iOS App Developer,iOS App Developer,Dell Technologies Panamá,LinkedIn,2026-04-21,1300.0,2000.0,2,Mobile,"En Dell Technologies Panamá estamos expandiendo nuestro equipo técnico. Requerimos iOS App Developer con sólidos conocimientos en Flutter, Swift, Git para liderar la transformación digital de la empresa.","Git,Flutter,Swift",0,-0.14195227927371457,-0.09276942470837647,Frontend / UI Web
31,Data Analyst,Data Analyst,Telered,Computrabajo,2026-05-20,1700.0,2900.0,2,Data & Analytics,Gran oportunidad laboral en Ciudad de Panamá. Importante empresa del sector (Telered) busca incorporar un Data Analyst con al menos 2 años de experiencia comprobada.,"Python,Tableau,Power BI",3,-0.006993483099537922,0.04685651402334039,Data & Analytics / BI
32,Administrador de Sistemas,Administrador de Sistemas,Autoridad del Canal de Panamá (ACP),Konzerta,2026-05-05,1000.0,1300.0,1,Soporte & IT,"En Autoridad del Canal de Panamá (ACP) estamos expandiendo nuestro equipo técnico. Requerimos Administrador de Sistemas con sólidos conocimientos en Excel, Cisco, Linux, Redes para liderar la transformación digital de la empresa.","Linux,Excel,Redes,Cisco",2,0.3366236397308101,0.5190210892041954,DevOps & Cloud Infrastructure
33,Python Developer,Python Developer,Autoridad del Canal de Panamá (ACP),Konzerta,2026-06-12,2200.0,3500.0,1,Backend,Gran oportunidad laboral en Ciudad de Panamá. Importante empresa del sector (Autoridad del Canal de Panamá (ACP)) busca incorporar un Python Developer con al menos 1 años de experiencia comprobada.,"Python,SQL,C#,.NET",3,-0.11542031193320997,-0.002557767613435691,Data & Analytics / BI
34,UI Developer,UI Developer,Grupo El Machetazo,Konzerta,2026-04-29,1200.0,2500.0,1,Frontend,Buscamos un UI Developer dinámico para integrarse a nuestro equipo de tecnología. Trabajarás en el desarrollo y mantenimiento de sistemas críticos para Grupo El Machetazo en Panamá.,"Git,JavaScript,React",0,-0.4069841251331498,-0.2676329302762492,Frontend / UI Web
35,Frontend Developer,Frontend Developer,Sonda Panamá,Computrabajo,2026-03-20,1400.0,1900.0,1,Frontend,Buscamos un Frontend Developer dinámico para integrarse a nuestro equipo de tecnología. Trabajarás en el desarrollo y mantenimiento de sistemas críticos para Sonda Panamá en Panamá.,"Git,JavaScript,Vue,TypeScript",0,-0.21900047324925412,-0.1653277252451966,Frontend / UI Web
36,Soporte Técnico IT,Soporte Técnico IT,Encuentra24 PA,Computrabajo,2025-12-17,1200.0,1500.0,1,Soporte & IT,Gran oportunidad laboral en Ciudad de Panamá. Importante empresa del sector (Encuentra24 PA) busca incorporar un Soporte Técnico IT con al menos 1 años de experiencia comprobada.,"Linux,Excel,Redes,Virtualización",2,0.3313578891843603,0.503832665432445,DevOps & Cloud Infrastructure
37,.NET Consultant,.NET Consultant,Dell Technologies Panamá,Computrabajo,2026-03-22,1800.0,2400.0,3,Backend,Gran oportunidad laboral en Ciudad de Panamá. Importante empresa del sector (Dell Technologies Panamá) busca incorporar un .NET Consultant con al menos 3 años de experiencia comprobada.,"Python,SQL,Node.js,.NET,Spring Boot",3,-0.17183097557480695,-0.03643192303109854,Data & Analytics / BI
38,Ingeniero de Soporte,Ingeniero de Soporte,APEDE,Computrabajo,2026-05-25,800.0,1400.0,3,Soporte & IT,Gran oportunidad laboral en Ciudad de Panamá. Importante empresa del sector (APEDE) busca incorporar un Ingeniero de Soporte con al menos 3 años de experiencia comprobada.,"Windows Server,Redes",2,0.24319458581686082,0.5678942223361065,DevOps & Cloud Infrastructure
39,Desarrollador Web Fullstack,Desarrollador Web Fullstack,KPMG Panamá,Computrabajo,2026-03-20,2500.0,3700.0,2,Fullstack,"En KPMG Panamá estamos expandiendo nuestro equipo técnico. Requerimos Desarrollador Web Fullstack con sólidos conocimientos en Python, AWS, Docker, Git para liderar la transformación digital de la empresa.","Python,Git,AWS,Docker",0,-0.40618240993542637,0.014004905627316155,Frontend / UI Web
40,Data Analyst,Data Analyst,Panafoto,Konzerta,2026-06-06,2400.0,3300.0,1,Data & Analytics,"En Panafoto estamos expandiendo nuestro equipo técnico. Requerimos Data Analyst con sólidos conocimientos en Python, Tableau, Spark para liderar la transformación digital de la empresa.","Python,Spark,Tableau",3,-0.011271960253222487,0.05176602398001726,Data & Analytics / BI
41,Administrador de Sistemas,Administrador de Sistemas,Encuentra24 PA,Konzerta,2026-03-20,1000.0,1600.0,2,Soporte & IT,Gran oportunidad laboral en Ciudad de Panamá. Importante empresa del sector (Encuentra24 PA) busca incorporar un Administrador de Sistemas con al menos 2 años de experiencia comprobada.,"Linux,Excel,Windows Server,Redes,Virtualización",2,0.3809782772084021,0.6831469359278773,DevOps & Cloud Infrastructure
42,.NET Consultant,.NET Consultant,Telered,Konzerta,2026-04-16,1800.0,3300.0,2,Backend,"En Telered estamos expandiendo nuestro equipo técnico. Requerimos .NET Consultant con sólidos conocimientos en Python, Docker, Java para liderar la transformación digital de la empresa.","Python,Docker,Java",3,-0.17807337720902633,0.025628099878631128,Data & Analytics / BI
43,UI Developer,UI Developer,Felipe Motta,Computrabajo,2026-04-01,1800.0,2500.0,2,Frontend,Gran oportunidad laboral en Ciudad de Panamá. Importante empresa del sector (Felipe Motta) busca incorporar un UI Developer con al menos 2 años de experiencia comprobada.,"JavaScript,Angular",0,-0.16482352432548567,-0.16961846672169828,Frontend / UI Web
44,Administrador de Sistemas,Administrador de Sistemas,Dell Technologies Panamá,LinkedIn,2026-02-26,900.0,1700.0,2,Soporte & IT,"En Dell Technologies Panamá estamos expandiendo nuestro equipo técnico. Requerimos Administrador de Sistemas con sólidos conocimientos en Excel, Cisco, Windows Server, Linux para liderar la transformación digital de la empresa.","Linux,Excel,Windows Server,Cisco",2,0.36599001372247725,0.617201975600872,DevOps & Cloud Infrastructure
45,IT Project Manager,IT Project Manager,Copa Airlines,Konzerta,2026-03-29,1900.0,3200.0,1,Gestión & Agile,Gran oportunidad laboral en Ciudad de Panamá. Importante empresa del sector (Copa Airlines) busca incorporar un IT Project Manager con al menos 1 años de experiencia comprobada.,"Excel,Jira",1,0.5560832277731871,-0.21693313888499735,Data & Analytics / BI
46,Analista de Datos,Analista de Datos,Supermercados Riba Smith,Computrabajo,2026-02-14,2100.0,3000.0,1,Data & Analytics,Buscamos un Analista de Datos dinámico para integrarse a nuestro equipo de tecnología. Trabajarás en el desarrollo y mantenimiento de sistemas críticos para Supermercados Riba Smith en Panamá.,"Excel,SQL,Spark",3,0.16971801412166898,0.02022505540224479,Data & Analytics / BI
47,IT Project Manager,IT Project Manager,Felipe Motta,LinkedIn,2026-05-01,1900.0,2300.0,2,Gestión & Agile,Buscamos un IT Project Manager dinámico para integrarse a nuestro equipo de tecnología. Trabajarás en el desarrollo y mantenimiento de sistemas críticos para Felipe Motta en Panamá.,"Excel,Scrum,Agile,Jira",1,0.7533815123809304,-0.46999880271776195,Data & Analytics / BI
48,Analista de Datos,Analista de Datos,Dell Technologies Panamá,Computrabajo,2026-01-29,1600.0,2300.0,1,Data & Analytics,"En Dell Technologies Panamá estamos expandiendo nuestro equipo técnico. Requerimos Analista de Datos con sólidos conocimientos en Python, Power BI, SQL, PostgreSQL, Excel para liderar la transformación digital de la empresa.","Python,Excel,SQL,PostgreSQL,Power BI",3,0.06201005594107445,0.03368970065122498,Data & Analytics / BI
49,IT Project Manager,IT Project Manager,KPMG Panamá,Konzerta,2026-04-28,2500.0,2800.0,3,Gestión & Agile,"En KPMG Panamá estamos expandiendo nuestro equipo técnico. Requerimos IT Project Manager con sólidos conocimientos en Jira, Scrum, Agile para liderar la transformación digital de la empresa.","Scrum,Agile,Jira",1,0.6380527530027016,-0.5367825029132138,Data & Analytics / BI
50,Frontend Developer,Frontend Developer,Encuentra24 PA,Computrabajo,2026-04-14,1200.0,2400.0,2,Frontend,Gran oportunidad laboral en Ciudad de Panamá. Importante empresa del sector (Encuentra24 PA) busca incorporar un Frontend Developer con al menos 2 años de experiencia comprobada.,"React,HTML",0,-0.14573535671748786,-0.13927405095171094,Frontend / UI Web
51,DevOps Engineer,DevOps Engineer,Banco General,Konzerta,2026-05-22,2800.0,3900.0,7,DevOps & Cloud,Buscamos un DevOps Engineer dinámico para integrarse a nuestro equipo de tecnología. Trabajarás en el desarrollo y mantenimiento de sistemas críticos para Banco General en Panamá.,"Python,Linux,Git,AWS,Azure,Terraform",0,-0.24280254815546867,0.23138283720676306,Frontend / UI Web
52,Python Developer,Python Developer,Banco General,LinkedIn,2026-03-01,1800.0,2900.0,2,Backend,"En Banco General estamos expandiendo nuestro equipo técnico. Requerimos Python Developer con sólidos conocimientos en Node.js, Git, PostgreSQL para liderar la transformación digital de la empresa.","Git,Node.js,PostgreSQL",3,-0.19051852441229053,-0.07480408297203894,Data & Analytics / BI
53,Android Developer,Android Developer,GBM Panamá,Computrabajo,2026-01-28,1700.0,2900.0,1,Mobile,Gran oportunidad laboral en Ciudad de Panamá. Importante empresa del sector (GBM Panamá) busca incorporar un Android Developer con al menos 1 años de experiencia comprobada.,"Git,Flutter,Swift,Kotlin",0,-0.14313274084366995,-0.1091444522954489,Frontend / UI Web
54,Python Developer,Python Developer,Copa Airlines,Computrabajo,2026-06-01,1700.0,2600.0,2,Backend,"En Copa Airlines estamos expandiendo nuestro equipo técnico. Requerimos Python Developer con sólidos conocimientos en Python, Java, Spring Boot, C# para liderar la transformación digital de la empresa.","Python,Java,C#,Spring Boot",3,-0.09145096080537152,0.009607315279983751,Data & Analytics / BI
55,Ingeniero de Soporte,Ingeniero de Soporte,Dell Technologies Panamá,LinkedIn,2026-06-07,1100.0,1500.0,3,Soporte & IT,Gran oportunidad laboral en Ciudad de Panamá. Importante empresa del sector (Dell Technologies Panamá) busca incorporar un Ingeniero de Soporte con al menos 3 años de experiencia comprobada.,"Windows Server,Redes",2,0.24319458581686082,0.5678942223361065,DevOps & Cloud Infrastructure
56,Fullstack Engineer,Fullstack Engineer,APEDE,LinkedIn,2026-05-13,2300.0,3700.0,3,Fullstack,"En APEDE estamos expandiendo nuestro equipo técnico. Requerimos Fullstack Engineer con sólidos conocimientos en Python, React, Node.js, SQL, AWS para liderar la transformación digital de la empresa.","Python,AWS,React,SQL,Node.js",0,-0.33215248098164174,-0.08494238234330632,Frontend / UI Web
57,Desarrollador Web Fullstack,Desarrollador Web Fullstack,Dell Technologies Panamá,LinkedIn,2026-01-05,2000.0,3000.0,2,Fullstack,"En Dell Technologies Panamá estamos expandiendo nuestro equipo técnico. Requerimos Desarrollador Web Fullstack con sólidos conocimientos en AWS, Git para liderar la transformación digital de la empresa.","Git,AWS",0,-0.31411869555919486,-0.014165609676261409,Frontend / UI Web
58,Ingeniero de Soporte,Ingeniero de Soporte,Dell Technologies Panamá,Konzerta,2026-01-19,800.0,1400.0,1,Soporte & IT,"En Dell Technologies Panamá estamos expandiendo nuestro equipo técnico. Requerimos Ingeniero de Soporte con sólidos conocimientos en Linux, Redes, Excel, Windows Server, Virtualización para liderar la transformación digital de la empresa.","Linux,Excel,Windows Server,Redes,Virtualización",2,0.3809782772084021,0.6831469359278773,DevOps & Cloud Infrastructure
59,iOS App Developer,iOS App Developer,Global Bank,Konzerta,2026-02-13,1900.0,3000.0,3,Mobile,Gran oportunidad laboral en Ciudad de Panamá. Importante empresa del sector (Global Bank) busca incorporar un iOS App Developer con al menos 3 años de experiencia comprobada.,"Git,Flutter,React Native,Kotlin",0,-0.19541627205556655,-0.15056599356459208,Frontend / UI Web
60,Frontend Developer,Frontend Developer,Global Bank,Computrabajo,2026-04-21,1600.0,2300.0,3,Frontend,Buscamos un Frontend Developer dinámico para integrarse a nuestro equipo de tecnología. Trabajarás en el desarrollo y mantenimiento de sistemas críticos para Global Bank en Panamá.,"Angular,Vue,CSS",0,-0.05640026015557523,-0.09448196290183196,Frontend / UI Web
61,Android Developer,Android Developer,Supermercados Riba Smith,Computrabajo,2026-04-04,1800.0,2400.0,2,Mobile,Buscamos un Android Developer dinámico para integrarse a nuestro equipo de tecnología. Trabajarás en el desarrollo y mantenimiento de sistemas críticos para Supermercados Riba Smith en Panamá.,"JavaScript,Kotlin",0,-0.15712584737521323,-0.1554135692345261,Frontend / UI Web
62,Data Scientist,Data Scientist,Encuentra24 PA,Computrabajo,2026-04-12,1900.0,2800.0,1,Data & Analytics,Buscamos un Data Scientist dinámico para integrarse a nuestro equipo de tecnología. Trabajarás en el desarrollo y mantenimiento de sistemas críticos para Encuentra24 PA en Panamá.,"R,PostgreSQL,Spark,Power BI",3,0.04122986850376615,0.03323786527189024,Data & Analytics / BI
63,Java Engineer,Java Engineer,Autoridad del Canal de Panamá (ACP),Computrabajo,2026-05-15,1400.0,2800.0,2,Backend,Gran oportunidad laboral en Ciudad de Panamá. Importante empresa del sector (Autoridad del Canal de Panamá (ACP)) busca incorporar un Java Engineer con al menos 2 años de experiencia comprobada.,"Python,Node.js,Java,.NET,Spring Boot",3,-0.1443690790105658,-0.017606070886566627,Data & Analytics / BI
64,Soporte Técnico IT,Soporte Técnico IT,Banistmo,Konzerta,2026-02-27,900.0,1400.0,1,Soporte & IT,Gran oportunidad laboral en Ciudad de Panamá. Importante empresa del sector (Banistmo) busca incorporar un Soporte Técnico IT con al menos 1 años de experiencia comprobada.,"Excel,Redes,Cisco,Virtualización",2,0.33330684685068906,0.4341545415192838,DevOps & Cloud Infrastructure
65,Data Analyst,Data Analyst,GBM Panamá,LinkedIn,2026-01-11,2200.0,3600.0,3,Data & Analytics,Buscamos un Data Analyst dinámico para integrarse a nuestro equipo de tecnología. Trabajarás en el desarrollo y mantenimiento de sistemas críticos para GBM Panamá en Panamá.,"Python,R,Excel,PostgreSQL,Spark,Tableau",3,0.11977981471271248,0.06587823986874747,Data & Analytics / BI
66,UI Developer,UI Developer,Autoridad del Canal de Panamá (ACP),Computrabajo,2026-05-23,1400.0,1700.0,1,Frontend,"En Autoridad del Canal de Panamá (ACP) estamos expandiendo nuestro equipo técnico. Requerimos UI Developer con sólidos conocimientos en JavaScript, React, CSS para liderar la transformación digital de la empresa.","JavaScript,React,CSS",0,-0.2370522964854595,-0.21258701385103562,Frontend / UI Web
67,Mobile Developer,Mobile Developer,Cable & Wireless,Computrabajo,2026-03-02,1500.0,2400.0,1,Mobile,"En Cable & Wireless estamos expandiendo nuestro equipo técnico. Requerimos Mobile Developer con sólidos conocimientos en JavaScript, Git, Kotlin para liderar la transformación digital de la empresa.","Git,JavaScript,Kotlin",0,-0.2620406264102381,-0.1798673284029397,Frontend / UI Web
68,Ingeniero de Soporte,Ingeniero de Soporte,Sonda Panamá,LinkedIn,2026-01-29,1100.0,1700.0,2,Soporte & IT,Gran oportunidad laboral en Ciudad de Panamá. Importante empresa del sector (Sonda Panamá) busca incorporar un Ingeniero de Soporte con al menos 2 años de experiencia comprobada.,"Linux,Excel,Windows Server,Cisco",2,0.36599001372247725,0.617201975600872,DevOps & Cloud Infrastructure
69,Python Developer,Python Developer,Sonda Panamá,Konzerta,2026-05-27,1700.0,3200.0,3,Backend,Gran oportunidad laboral en Ciudad de Panamá. Importante empresa del sector (Sonda Panamá) busca incorporar un Python Developer con al menos 3 años de experiencia comprobada.,"Python,Git,Node.js,Spring Boot",3,-0.23397163643418997,-0.050876775462034306,Data & Analytics / BI
70,Fullstack Engineer,Fullstack Engineer,Encuentra24 PA,LinkedIn,2026-01-03,2000.0,3800.0,2,Fullstack,"En Encuentra24 PA estamos expandiendo nuestro equipo técnico. Requerimos Fullstack Engineer con sólidos conocimientos en JavaScript, SQL para liderar la transformación digital de la empresa.","JavaScript,SQL",0,-0.19495129901414968,-0.15352203243482335,Frontend / UI Web
71,Administrador Cloud,Administrador Cloud,Copa Airlines,Konzerta,2026-02-26,2400.0,4100.0,3,DevOps & Cloud,Buscamos un Administrador Cloud dinámico para integrarse a nuestro equipo de tecnología. Trabajarás en el desarrollo y mantenimiento de sistemas críticos para Copa Airlines en Panamá.,"Linux,AWS,Azure",0,-0.1067938535589186,0.2804385179485838,Frontend / UI Web
72,Soporte Técnico IT,Soporte Técnico IT,Tigo Panamá,Konzerta,2026-04-23,1200.0,1700.0,3,Soporte & IT,"En Tigo Panamá estamos expandiendo nuestro equipo técnico. Requerimos Soporte Técnico IT con sólidos conocimientos en Cisco, Windows Server, Linux, Redes para liderar la transformación digital de la empresa.","Linux,Windows Server,Redes,Cisco",2,0.2695028799300808,0.7066814920456913,DevOps & Cloud Infrastructure
73,Cloud Infrastructure Specialist,Cloud Infrastructure Specialist,EY Panamá,Computrabajo,2026-02-12,2100.0,3700.0,2,DevOps & Cloud,"En EY Panamá estamos expandiendo nuestro equipo técnico. Requerimos Cloud Infrastructure Specialist con sólidos conocimientos en Python, Terraform, Linux para liderar la transformación digital de la empresa.","Python,Linux,Terraform",0,-0.05896578599604972,0.2866271179228698,Frontend / UI Web
74,iOS App Developer,iOS App Developer,PwC Panamá,Computrabajo,2026-03-06,1600.0,2500.0,3,Mobile,"En PwC Panamá estamos expandiendo nuestro equipo técnico. Requerimos iOS App Developer con sólidos conocimientos en JavaScript, Swift, React Native, Git para liderar la transformación digital de la empresa.","Git,JavaScript,React Native,Swift",0,-0.28020569135167384,-0.20678867491967223,Frontend / UI Web
75,Fullstack Engineer,Fullstack Engineer,Panafoto,Computrabajo,2026-02-28,1600.0,2800.0,2,Fullstack,"En Panafoto estamos expandiendo nuestro equipo técnico. Requerimos Fullstack Engineer con sólidos conocimientos en React, Git para liderar la transformación digital de la empresa.","Git,React",0,-0.33479503717386344,-0.18985539335461826,Frontend / UI Web
76,Mobile Developer,Mobile Developer,GBM Panamá,LinkedIn,2026-05-24,1900.0,2800.0,1,Mobile,Buscamos un Mobile Developer dinámico para integrarse a nuestro equipo de tecnología. Trabajarás en el desarrollo y mantenimiento de sistemas críticos para GBM Panamá en Panamá.,"JavaScript,Flutter,React Native,Swift,Kotlin",0,-0.19310428282435835,-0.1900820500610591,Frontend / UI Web
77,Administrador Cloud,Administrador Cloud,EY Panamá,LinkedIn,2026-04-03,2700.0,3300.0,5,DevOps & Cloud,Buscamos un Administrador Cloud dinámico para integrarse a nuestro equipo de tecnología. Trabajarás en el desarrollo y mantenimiento de sistemas críticos para EY Panamá en Panamá.,"Kubernetes,Azure,Docker,Terraform",0,-0.16709626800527683,0.12731618698461888,Frontend / UI Web
78,Ingeniero de Soporte,Ingeniero de Soporte,Cable & Wireless,Konzerta,2026-05-13,1100.0,1500.0,2,Soporte & IT,Gran oportunidad laboral en Ciudad de Panamá. Importante empresa del sector (Cable & Wireless) busca incorporar un Ingeniero de Soporte con al menos 2 años de experiencia comprobada.,"Linux,Redes,Virtualización",2,0.18423460132115863,0.514964927649322,DevOps & Cloud Infrastructure
79,iOS App Developer,iOS App Developer,Tigo Panamá,Konzerta,2026-05-13,1900.0,2700.0,3,Mobile,Buscamos un iOS App Developer dinámico para integrarse a nuestro equipo de tecnología. Trabajarás en el desarrollo y mantenimiento de sistemas críticos para Tigo Panamá en Panamá.,"Swift,Kotlin",0,-0.050404495005853624,-0.07440593920591325,Frontend / UI Web
80,UI Developer,UI Developer,Caja de Seguro Social,Computrabajo,2026-02-05,1200.0,1800.0,3,Frontend,Gran oportunidad laboral en Ciudad de Panamá. Importante empresa del sector (Caja de Seguro Social) busca incorporar un UI Developer con al menos 3 años de experiencia comprobada.,"Angular,HTML,Vue,CSS,TypeScript",0,-0.0780769284992364,-0.11972202320663868,Frontend / UI Web
81,Ingeniero de Soporte,Ingeniero de Soporte,Caja de Seguro Social,Konzerta,2026-01-07,1200.0,1600.0,2,Soporte & IT,Buscamos un Ingeniero de Soporte dinámico para integrarse a nuestro equipo de tecnología. Trabajarás en el desarrollo y mantenimiento de sistemas críticos para Caja de Seguro Social en Panamá.,"Linux,Excel",2,0.34782873290312977,0.34875139452722065,DevOps & Cloud Infrastructure
82,Administrador Cloud,Administrador Cloud,Caja de Seguro Social,Computrabajo,2026-05-21,2700.0,3400.0,5,DevOps & Cloud,Gran oportunidad laboral en Ciudad de Panamá. Importante empresa del sector (Caja de Seguro Social) busca incorporar un Administrador Cloud con al menos 5 años de experiencia comprobada.,"Python,Kubernetes,Docker,Terraform",0,-0.2059012374075006,0.11395634983064068,Frontend / UI Web
83,Desarrollador Web Fullstack,Desarrollador Web Fullstack,Felipe Motta,Konzerta,2026-01-30,2200.0,4000.0,2,Fullstack,Buscamos un Desarrollador Web Fullstack dinámico para integrarse a nuestro equipo de tecnología. Trabajarás en el desarrollo y mantenimiento de sistemas críticos para Felipe Motta en Panamá.,"Python,Git,JavaScript,SQL",0,-0.3491560799162583,-0.14105955464294456,Frontend / UI Web
84,Administrador Cloud,Administrador Cloud,Encuentra24 PA,Konzerta,2026-03-22,2000.0,4100.0,2,DevOps & Cloud,Buscamos un Administrador Cloud dinámico para integrarse a nuestro equipo de tecnología. Trabajarás en el desarrollo y mantenimiento de sistemas críticos para Encuentra24 PA en Panamá.,"Python,Linux,Git,Azure,Docker",0,-0.24800896683264964,0.20761640617929314,Frontend / UI Web
85,Desarrollador Web Fullstack,Desarrollador Web Fullstack,Supermercados Riba Smith,Computrabajo,2026-02-20,1900.0,2500.0,2,Fullstack,Buscamos un Desarrollador Web Fullstack dinámico para integrarse a nuestro equipo de tecnología. Trabajarás en el desarrollo y mantenimiento de sistemas críticos para Supermercados Riba Smith en Panamá.,"Git,AWS",0,-0.31411869555919486,-0.014165609676261409,Frontend / UI Web
86,Data Analyst,Data Analyst,Banistmo,Computrabajo,2026-05-07,1500.0,3400.0,2,Data & Analytics,"En Banistmo estamos expandiendo nuestro equipo técnico. Requerimos Data Analyst con sólidos conocimientos en Python, Tableau, Power BI, R, Spark para liderar la transformación digital de la empresa.","Python,R,Spark,Tableau,Power BI",3,0.01684695193296369,0.05283705084247421,Data & Analytics / BI
87,Ingeniero de Soporte,Ingeniero de Soporte,Autoridad del Canal de Panamá (ACP),Konzerta,2026-04-18,1200.0,1600.0,1,Soporte & IT,"En Autoridad del Canal de Panamá (ACP) estamos expandiendo nuestro equipo técnico. Requerimos Ingeniero de Soporte con sólidos conocimientos en Excel, Windows Server, Linux, Redes para liderar la transformación digital de la empresa.","Linux,Excel,Windows Server,Redes",2,0.3826436541597804,0.6649824365967898,DevOps & Cloud Infrastructure
88,Python Developer,Python Developer,Sonda Panamá,Computrabajo,2026-05-29,1500.0,3000.0,3,Backend,Buscamos un Python Developer dinámico para integrarse a nuestro equipo de tecnología. Trabajarás en el desarrollo y mantenimiento de sistemas críticos para Sonda Panamá en Panamá.,"Git,Java,PostgreSQL,Spring Boot",3,-0.12675296257872246,-0.03156937875352529,Data & Analytics / BI
89,Java Engineer,Java Engineer,Autoridad del Canal de Panamá (ACP),Computrabajo,2026-01-22,2100.0,3100.0,2,Backend,Buscamos un Java Engineer dinámico para integrarse a nuestro equipo de tecnología. Trabajarás en el desarrollo y mantenimiento de sistemas críticos para Autoridad del Canal de Panamá (ACP) en Panamá.,"Docker,Node.js,.NET",3,-0.17737735958430775,-0.03350447529331939,Data & Analytics / BI
90,Cloud Infrastructure Specialist,Cloud Infrastructure Specialist,Encuentra24 PA,LinkedIn,2026-04-08,2400.0,3300.0,2,DevOps & Cloud,"En Encuentra24 PA estamos expandiendo nuestro equipo técnico. Requerimos Cloud Infrastructure Specialist con sólidos conocimientos en Python, Azure, Linux, Git para liderar la transformación digital de la empresa.","Python,Linux,Git,Azure",0,-0.18164591591464016,0.23032527250171284,Frontend / UI Web
91,Java Engineer,Java Engineer,GBM Panamá,Konzerta,2026-05-06,2200.0,2800.0,3,Backend,Buscamos un Java Engineer dinámico para integrarse a nuestro equipo de tecnología. Trabajarás en el desarrollo y mantenimiento de sistemas críticos para GBM Panamá en Panamá.,"Python,Docker,Node.js,PostgreSQL,C#",3,-0.18525874258605113,-0.006371244248389435,Data & Analytics / BI
92,Backend Developer,Backend Developer,Felipe Motta,Computrabajo,2026-02-09,1600.0,2900.0,2,Backend,Gran oportunidad laboral en Ciudad de Panamá. Importante empresa del sector (Felipe Motta) busca incorporar un Backend Developer con al menos 2 años de experiencia comprobada.,"Python,.NET,Spring Boot",3,-0.11412469397042205,0.008772577912621534,Data & Analytics / BI
93,Desarrollador Web Fullstack,Desarrollador Web Fullstack,GBM Panamá,Konzerta,2026-01-03,2400.0,2800.0,1,Fullstack,"En GBM Panamá estamos expandiendo nuestro equipo técnico. Requerimos Desarrollador Web Fullstack con sólidos conocimientos en Python, JavaScript, Git, SQL, AWS para liderar la transformación digital de la empresa.","Python,Git,AWS,JavaScript,SQL",0,-0.40295318560289767,-0.09890937820872625,Frontend / UI Web
94,Backend Developer,Backend Developer,Telered,LinkedIn,2026-03-19,1500.0,2000.0,2,Backend,Gran oportunidad laboral en Ciudad de Panamá. Importante empresa del sector (Telered) busca incorporar un Backend Developer con al menos 2 años de experiencia comprobada.,"Python,SQL,.NET",3,-0.13933482340033165,-0.0056597178066509005,Data & Analytics / BI
95,IT Project Manager,IT Project Manager,Multibank,LinkedIn,2026-01-02,1800.0,2800.0,1,Gestión & Agile,Buscamos un IT Project Manager dinámico para integrarse a nuestro equipo de tecnología. Trabajarás en el desarrollo y mantenimiento de sistemas críticos para Multibank en Panamá.,"Excel,Scrum,Agile,Jira",1,0.7533815123809304,-0.46999880271776195,Data & Analytics / BI
96,Product Owner,Product Owner,Felipe Motta,Computrabajo,2026-05-14,2700.0,3000.0,7,Gestión & Agile,Gran oportunidad laboral en Ciudad de Panamá. Importante empresa del sector (Felipe Motta) busca incorporar un Product Owner con al menos 7 años de experiencia comprobada.,"Agile,Jira",1,0.5321301370160346,-0.46039057173819353,Data & Analytics / BI
97,DevOps Engineer,DevOps Engineer,Cable & Wireless,Konzerta,2026-01-15,2300.0,3300.0,2,DevOps & Cloud,Gran oportunidad laboral en Ciudad de Panamá. Importante empresa del sector (Cable & Wireless) busca incorporar un DevOps Engineer con al menos 2 años de experiencia comprobada.,"AWS,Azure,Docker,Terraform",0,-0.22679490883391556,0.10811666607362008,Frontend / UI Web
98,Cloud Infrastructure Specialist,Cloud Infrastructure Specialist,Felipe Motta,LinkedIn,2026-01-05,1900.0,3000.0,2,DevOps & Cloud,Buscamos un Cloud Infrastructure Specialist dinámico para integrarse a nuestro equipo de tecnología. Trabajarás en el desarrollo y mantenimiento de sistemas críticos para Felipe Motta en Panamá.,"Python,Linux,Git,AWS,Docker",0,-0.3211339725174408,0.19879641713757099,Frontend / UI Web
99,Product Owner,Product Owner,Copa Airlines,LinkedIn,2026-04-08,2600.0,4000.0,5,Gestión & Agile,Gran oportunidad laboral en Ciudad de Panamá. Importante empresa del sector (Copa Airlines) busca incorporar un Product Owner con al menos 5 años de experiencia comprobada.,"Excel,Scrum,Agile,Jira",1,0.7533815123809304,-0.46999880271776195,Data & Analytics / BI
100,DevOps Engineer,DevOps Engineer,Dell Technologies Panamá,Konzerta,2026-02-05,2300.0,3500.0,3,DevOps & Cloud,Buscamos un DevOps Engineer dinámico para integrarse a nuestro equipo de tecnología. Trabajarás en el desarrollo y mantenimiento de sistemas críticos para Dell Technologies Panamá en Panamá.,"Kubernetes,Linux,Git,Azure,Terraform",0,-0.1423385116441908,0.24069944715996777,Frontend / UI Web
101,Mobile Developer,Mobile Developer,PwC Panamá,Konzerta,2026-04-28,1600.0,2900.0,1,Mobile,"En PwC Panamá estamos expandiendo nuestro equipo técnico. Requerimos Mobile Developer con sólidos conocimientos en Kotlin, Flutter, Swift, Git para liderar la transformación digital de la empresa.","Git,Flutter,Swift,Kotlin",0,-0.14313274084366995,-0.1091444522954489,Frontend / UI Web
102,DevOps Engineer,DevOps Engineer,Panafoto,LinkedIn,2026-05-20,2100.0,3300.0,1,DevOps & Cloud,Gran oportunidad laboral en Ciudad de Panamá. Importante empresa del sector (Panafoto) busca incorporar un DevOps Engineer con al menos 1 años de experiencia comprobada.,"Python,Kubernetes,Terraform",0,-0.1351526201585618,0.1250520780083364,Frontend / UI Web
103,Desarrollador Web Fullstack,Desarrollador Web Fullstack,GBM Panamá,Konzerta,2026-05-04,1800.0,2200.0,3,Fullstack,"En GBM Panamá estamos expandiendo nuestro equipo técnico. Requerimos Desarrollador Web Fullstack con sólidos conocimientos en Python, AWS, React, JavaScript para liderar la transformación digital de la empresa.","Python,AWS,JavaScript,React",0,-0.40923066965811333,-0.13532980840509656,Frontend / UI Web
104,Analista de Datos,Analista de Datos,Tigo Panamá,LinkedIn,2026-01-11,2100.0,2900.0,2,Data & Analytics,Buscamos un Analista de Datos dinámico para integrarse a nuestro equipo de tecnología. Trabajarás en el desarrollo y mantenimiento de sistemas críticos para Tigo Panamá en Panamá.,"Excel,Tableau,Power BI",3,0.19271911644885772,0.05405428793580613,Data & Analytics / BI
105,React Developer,React Developer,Telered,Konzerta,2026-04-17,1700.0,2200.0,3,Frontend,Buscamos un React Developer dinámico para integrarse a nuestro equipo de tecnología. Trabajarás en el desarrollo y mantenimiento de sistemas críticos para Telered en Panamá.,"Git,React,Vue,TypeScript",0,-0.21611012114325015,-0.15870474788151254,Frontend / UI Web
106,Python Developer,Python Developer,Dell Technologies Panamá,LinkedIn,2026-03-20,1800.0,2500.0,2,Backend,Buscamos un Python Developer dinámico para integrarse a nuestro equipo de tecnología. Trabajarás en el desarrollo y mantenimiento de sistemas críticos para Dell Technologies Panamá en Panamá.,"Node.js,Java,PostgreSQL,.NET",3,-0.08307779601588892,-0.02631785032060464,Data & Analytics / BI
107,Administrador de Sistemas,Administrador de Sistemas,Grupo El Machetazo,Konzerta,2026-01-23,1000.0,1800.0,3,Soporte & IT,"En Grupo El Machetazo estamos expandiendo nuestro equipo técnico. Requerimos Administrador de Sistemas con sólidos conocimientos en Excel, Cisco, Windows Server, Redes para liderar la transformación digital de la empresa.","Excel,Windows Server,Redes,Cisco",2,0.3832285566441987,0.5946463574784885,DevOps & Cloud Infrastructure
108,Product Owner,Product Owner,KPMG Panamá,Computrabajo,2026-03-05,1800.0,3500.0,1,Gestión & Agile,Buscamos un Product Owner dinámico para integrarse a nuestro equipo de tecnología. Trabajarás en el desarrollo y mantenimiento de sistemas críticos para KPMG Panamá en Panamá.,"Excel,Scrum,Agile,Jira",1,0.7533815123809304,-0.46999880271776195,Data & Analytics / BI
109,Android Developer,Android Developer,Caja de Seguro Social,LinkedIn,2026-01-21,1900.0,3000.0,2,Mobile,"En Caja de Seguro Social estamos expandiendo nuestro equipo técnico. Requerimos Android Developer con sólidos conocimientos en JavaScript, Flutter, Kotlin para liderar la transformación digital de la empresa.","JavaScript,Flutter,Kotlin",0,-0.13683000438663925,-0.1437083704873347,Frontend / UI Web
110,Scrum Master,Scrum Master,Cable & Wireless,Computrabajo,2026-04-17,1800.0,3600.0,3,Gestión & Agile,Gran oportunidad laboral en Ciudad de Panamá. Importante empresa del sector (Cable & Wireless) busca incorporar un Scrum Master con al menos 3 años de experiencia comprobada.,"Scrum,Agile",1,0.5254624453174387,-0.4319064448278918,Data & Analytics / BI
111,Analista de Datos,Analista de Datos,Telered,Computrabajo,2026-05-17,1700.0,2400.0,1,Data & Analytics,Buscamos un Analista de Datos dinámico para integrarse a nuestro equipo de tecnología. Trabajarás en el desarrollo y mantenimiento de sistemas críticos para Telered en Panamá.,"Python,Excel,Spark",3,0.15982921716072607,0.0748770708104813,Data & Analytics / BI
112,Cloud Infrastructure Specialist,Cloud Infrastructure Specialist,Dell Technologies Panamá,LinkedIn,2025-12-19,2800.0,4400.0,7,DevOps & Cloud,Gran oportunidad laboral en Ciudad de Panamá. Importante empresa del sector (Dell Technologies Panamá) busca incorporar un Cloud Infrastructure Specialist con al menos 7 años de experiencia comprobada.,"Kubernetes,Git,Terraform",0,-0.17446194157449899,0.06814278096569357,Frontend / UI Web
113,Data Scientist,Data Scientist,APEDE,LinkedIn,2026-04-27,1700.0,3700.0,3,Data & Analytics,Gran oportunidad laboral en Ciudad de Panamá. Importante empresa del sector (APEDE) busca incorporar un Data Scientist con al menos 3 años de experiencia comprobada.,"Python,SQL,PostgreSQL,Spark,Power BI",3,-0.04667782481224796,0.021869827327585925,Data & Analytics / BI
114,DevOps Engineer,DevOps Engineer,PwC Panamá,Computrabajo,2026-04-08,2200.0,2800.0,1,DevOps & Cloud,"En PwC Panamá estamos expandiendo nuestro equipo técnico. Requerimos DevOps Engineer con sólidos conocimientos en Kubernetes, Linux, Docker, Azure, Terraform para liderar la transformación digital de la empresa.","Kubernetes,Linux,Azure,Docker,Terraform",0,-0.126966039560138,0.26434157314370255,Frontend / UI Web
115,Frontend Developer,Frontend Developer,Multibank,LinkedIn,2025-12-31,1400.0,1800.0,1,Frontend,Gran oportunidad laboral en Ciudad de Panamá. Importante empresa del sector (Multibank) busca incorporar un Frontend Developer con al menos 1 años de experiencia comprobada.,"React,HTML",0,-0.14573535671748786,-0.13927405095171094,Frontend / UI Web
116,Fullstack Engineer,Fullstack Engineer,Banistmo,LinkedIn,2026-02-16,2100.0,4000.0,3,Fullstack,"En Banistmo estamos expandiendo nuestro equipo técnico. Requerimos Fullstack Engineer con sólidos conocimientos en React, SQL para liderar la transformación digital de la empresa.","React,SQL",0,-0.189945784307417,-0.14279134833775822,Frontend / UI Web
117,Backend Developer,Backend Developer,Multibank,Computrabajo,2026-01-02,1500.0,2100.0,3,Backend,Gran oportunidad laboral en Ciudad de Panamá. Importante empresa del sector (Multibank) busca incorporar un Backend Developer con al menos 3 años de experiencia comprobada.,"Docker,Node.js,PostgreSQL",3,-0.16526759536687954,-0.030937523131437675,Data & Analytics / BI
118,Product Owner,Product Owner,Cable & Wireless,Computrabajo,2026-03-25,2500.0,3500.0,3,Gestión & Agile,Buscamos un Product Owner dinámico para integrarse a nuestro equipo de tecnología. Trabajarás en el desarrollo y mantenimiento de sistemas críticos para Cable & Wireless en Panamá.,"Agile,Jira",1,0.5321301370160346,-0.46039057173819353,Data & Analytics / BI
119,Java Engineer,Java Engineer,Autoridad del Canal de Panamá (ACP),Konzerta,2025-12-24,1700.0,2200.0,2,Backend,Gran oportunidad laboral en Ciudad de Panamá. Importante empresa del sector (Autoridad del Canal de Panamá (ACP)) busca incorporar un Java Engineer con al menos 2 años de experiencia comprobada.,"Python,Git,PostgreSQL,.NET,Spring Boot",3,-0.18541808917217023,-0.01788455637714617,Data & Analytics / BI
120,Soporte Técnico IT,Soporte Técnico IT,Multibank,Konzerta,2026-04-12,1000.0,1300.0,3,Soporte & IT,"En Multibank estamos expandiendo nuestro equipo técnico. Requerimos Soporte Técnico IT con sólidos conocimientos en Excel, Windows Server para liderar la transformación digital de la empresa.","Excel,Windows Server",2,0.37428991146624285,0.45158133838469916,DevOps & Cloud Infrastructure
121,Android Developer,Android Developer,Telered,Computrabajo,2026-04-04,1900.0,2800.0,2,Mobile,"En Telered estamos expandiendo nuestro equipo técnico. Requerimos Android Developer con sólidos conocimientos en JavaScript, Flutter para liderar la transformación digital de la empresa.","JavaScript,Flutter",0,-0.14065392830601914,-0.13756381008749619,Frontend / UI Web
122,Desarrollador Web Fullstack,Desarrollador Web Fullstack,Banco General,LinkedIn,2026-03-15,2200.0,3600.0,2,Fullstack,Gran oportunidad laboral en Ciudad de Panamá. Importante empresa del sector (Banco General) busca incorporar un Desarrollador Web Fullstack con al menos 2 años de experiencia comprobada.,"AWS,SQL,Node.js",0,-0.21119273300715713,-0.035270239823554754,Frontend / UI Web
123,Desarrollador Web Fullstack,Desarrollador Web Fullstack,Multibank,LinkedIn,2026-04-15,1900.0,3300.0,1,Fullstack,Gran oportunidad laboral en Ciudad de Panamá. Importante empresa del sector (Multibank) busca incorporar un Desarrollador Web Fullstack con al menos 1 años de experiencia comprobada.,"Python,Git,React",0,-0.3785483124718955,-0.13412769208813216,Frontend / UI Web
124,Desarrollador Web Fullstack,Desarrollador Web Fullstack,Felipe Motta,Konzerta,2026-03-03,2200.0,2800.0,1,Fullstack,Buscamos un Desarrollador Web Fullstack dinámico para integrarse a nuestro equipo de tecnología. Trabajarás en el desarrollo y mantenimiento de sistemas críticos para Felipe Motta en Panamá.,"JavaScript,React,Docker,Node.js",0,-0.3600396568197234,-0.20186122423520034,Frontend / UI Web
125,Fullstack Engineer,Fullstack Engineer,Felipe Motta,LinkedIn,2026-03-06,2400.0,3200.0,3,Fullstack,"En Felipe Motta estamos expandiendo nuestro equipo técnico. Requerimos Fullstack Engineer con sólidos conocimientos en React, JavaScript, Node.js, Git, Docker para liderar la transformación digital de la empresa.","Git,JavaScript,React,Docker,Node.js",0,-0.43575346795149955,-0.22142882788269447,Frontend / UI Web
126,Android Developer,Android Developer,GBM Panamá,Konzerta,2026-05-21,1500.0,2700.0,2,Mobile,Buscamos un Android Developer dinámico para integrarse a nuestro equipo de tecnología. Trabajarás en el desarrollo y mantenimiento de sistemas críticos para GBM Panamá en Panamá.,"JavaScript,React Native,Swift,Kotlin",0,-0.2009746539997262,-0.19232542547606687,Frontend / UI Web
127,Frontend Developer,Frontend Developer,Multibank,LinkedIn,2026-01-26,1800.0,2200.0,2,Frontend,"En Multibank estamos expandiendo nuestro equipo técnico. Requerimos Frontend Developer con sólidos conocimientos en JavaScript, Git para liderar la transformación digital de la empresa.","Git,JavaScript",0,-0.3429496229921784,-0.2036547014112629,Frontend / UI Web
128,Soporte Técnico IT,Soporte Técnico IT,Dell Technologies Panamá,Computrabajo,2026-02-24,1100.0,1600.0,1,Soporte & IT,Buscamos un Soporte Técnico IT dinámico para integrarse a nuestro equipo de tecnología. Trabajarás en el desarrollo y mantenimiento de sistemas críticos para Dell Technologies Panamá en Panamá.,"Linux,Excel",2,0.34782873290312977,0.34875139452722065,DevOps & Cloud Infrastructure
129,Python Developer,Python Developer,Global Bank,LinkedIn,2026-03-13,1800.0,2700.0,2,Backend,Gran oportunidad laboral en Ciudad de Panamá. Importante empresa del sector (Global Bank) busca incorporar un Python Developer con al menos 2 años de experiencia comprobada.,"Java,.NET,Spring Boot",3,-0.05868356045577509,-0.006925828681788399,Data & Analytics / BI
130,Administrador de Sistemas,Administrador de Sistemas,EY Panamá,Konzerta,2026-05-04,900.0,1400.0,3,Soporte & IT,Buscamos un Administrador de Sistemas dinámico para integrarse a nuestro equipo de tecnología. Trabajarás en el desarrollo y mantenimiento de sistemas críticos para EY Panamá en Panamá.,"Linux,Excel,Windows Server",2,0.3671746284551327,0.5822239820757813,DevOps & Cloud Infrastructure
131,Administrador de Sistemas,Administrador de Sistemas,Banistmo,LinkedIn,2025-12-24,1200.0,1600.0,1,Soporte & IT,Gran oportunidad laboral en Ciudad de Panamá. Importante empresa del sector (Banistmo) busca incorporar un Administrador de Sistemas con al menos 1 años de experiencia comprobada.,"Linux,Excel,Windows Server,Redes",2,0.3826436541597804,0.6649824365967898,DevOps & Cloud Infrastructure
132,Administrador Cloud,Administrador Cloud,Caja de Seguro Social,Computrabajo,2026-06-11,2200.0,4000.0,3,DevOps & Cloud,Buscamos un Administrador Cloud dinámico para integrarse a nuestro equipo de tecnología. Trabajarás en el desarrollo y mantenimiento de sistemas críticos para Caja de Seguro Social en Panamá.,"Python,AWS,Azure,Docker",0,-0.29343058686696744,0.0945579994383519,Frontend / UI Web
133,Cloud Infrastructure Specialist,Cloud Infrastructure Specialist,EY Panamá,LinkedIn,2026-05-06,2000.0,3100.0,2,DevOps & Cloud,Gran oportunidad laboral en Ciudad de Panamá. Importante empresa del sector (EY Panamá) busca incorporar un Cloud Infrastructure Specialist con al menos 2 años de experiencia comprobada.,"Python,Linux,Docker,Terraform",0,-0.14243863137611468,0.25418864262218255,Frontend / UI Web
134,Desarrollador Web Fullstack,Desarrollador Web Fullstack,Encuentra24 PA,Konzerta,2026-02-25,2300.0,2900.0,1,Fullstack,"En Encuentra24 PA estamos expandiendo nuestro equipo técnico. Requerimos Desarrollador Web Fullstack con sólidos conocimientos en Python, JavaScript para liderar la transformación digital de la empresa.","Python,JavaScript",0,-0.2816452514109175,-0.11351770185754452,Frontend / UI Web
135,Fullstack Engineer,Fullstack Engineer,Panafoto,Computrabajo,2026-03-02,2400.0,3500.0,2,Fullstack,Gran oportunidad laboral en Ciudad de Panamá. Importante empresa del sector (Panafoto) busca incorporar un Fullstack Engineer con al menos 2 años de experiencia comprobada.,"SQL,Node.js",3,-0.1231623457931828,-0.07306668523885869,Data & Analytics / BI
136,Analista de Datos,Analista de Datos,Caja de Seguro Social,Konzerta,2026-02-01,1700.0,3000.0,3,Data & Analytics,"En Caja de Seguro Social estamos expandiendo nuestro equipo técnico. Requerimos Analista de Datos con sólidos conocimientos en Python, Excel, Tableau para liderar la transformación digital de la empresa.","Python,Excel,Tableau",3,0.165423119369483,0.07655128738566701,Data & Analytics / BI
137,React Developer,React Developer,EY Panamá,Computrabajo,2026-02-06,1300.0,2700.0,1,Frontend,Buscamos un React Developer dinámico para integrarse a nuestro equipo de tecnología. Trabajarás en el desarrollo y mantenimiento de sistemas críticos para EY Panamá en Panamá.,"Git,Angular,HTML,Vue,CSS",0,-0.14283080330794615,-0.12955973127343634,Frontend / UI Web
138,BI Engineer,BI Engineer,Dell Technologies Panamá,Konzerta,2026-03-15,1900.0,3400.0,3,Data & Analytics,Gran oportunidad laboral en Ciudad de Panamá. Importante empresa del sector (Dell Technologies Panamá) busca incorporar un BI Engineer con al menos 3 años de experiencia comprobada.,"R,Excel,PostgreSQL",3,0.19210262285336027,0.043640553992620484,Data & Analytics / BI
139,Java Engineer,Java Engineer,Banco General,Computrabajo,2026-04-15,2200.0,3500.0,2,Backend,Gran oportunidad laboral en Ciudad de Panamá. Importante empresa del sector (Banco General) busca incorporar un Java Engineer con al menos 2 años de experiencia comprobada.,"Python,C#,.NET",3,-0.08884534016254185,0.0213715562247789,Data & Analytics / BI
140,.NET Consultant,.NET Consultant,Tigo Panamá,Konzerta,2026-01-04,1500.0,3300.0,3,Backend,Buscamos un .NET Consultant dinámico para integrarse a nuestro equipo de tecnología. Trabajarás en el desarrollo y mantenimiento de sistemas críticos para Tigo Panamá en Panamá.,"Docker,Java,PostgreSQL,C#,Spring Boot",3,-0.10499471679084012,-0.001007606744092034,Data & Analytics / BI
141,Desarrollador Web Fullstack,Desarrollador Web Fullstack,Grupo El Machetazo,Konzerta,2026-05-12,2500.0,3000.0,1,Fullstack,Gran oportunidad laboral en Ciudad de Panamá. Importante empresa del sector (Grupo El Machetazo) busca incorporar un Desarrollador Web Fullstack con al menos 1 años de experiencia comprobada.,"Git,AWS,React,Docker",0,-0.42709677450351646,-0.0944944991637411,Frontend / UI Web
142,Fullstack Engineer,Fullstack Engineer,GBM Panamá,Konzerta,2026-02-09,2400.0,3600.0,1,Fullstack,"En GBM Panamá estamos expandiendo nuestro equipo técnico. Requerimos Fullstack Engineer con sólidos conocimientos en Python, JavaScript, React, Node.js, AWS para liderar la transformación digital de la empresa.","Python,AWS,JavaScript,React,Node.js",0,-0.4060895088616171,-0.14750490267184427,Frontend / UI Web
143,Desarrollador Web Fullstack,Desarrollador Web Fullstack,EY Panamá,Konzerta,2026-02-23,1700.0,3700.0,3,Fullstack,"En EY Panamá estamos expandiendo nuestro equipo técnico. Requerimos Desarrollador Web Fullstack con sólidos conocimientos en AWS, JavaScript para liderar la transformación digital de la empresa.","AWS,JavaScript",0,-0.2933713488956432,-0.08965190721918513,Frontend / UI Web
144,React Developer,React Developer,Sonda Panamá,LinkedIn,2026-06-02,1700.0,2500.0,3,Frontend,Buscamos un React Developer dinámico para integrarse a nuestro equipo de tecnología. Trabajarás en el desarrollo y mantenimiento de sistemas críticos para Sonda Panamá en Panamá.,"JavaScript,React,HTML,TypeScript",0,-0.21575715860152267,-0.20429420735161186,Frontend / UI Web
145,Android Developer,Android Developer,Encuentra24 PA,LinkedIn,2026-05-13,1800.0,2500.0,2,Mobile,Buscamos un Android Developer dinámico para integrarse a nuestro equipo de tecnología. Trabajarás en el desarrollo y mantenimiento de sistemas críticos para Encuentra24 PA en Panamá.,"Swift,Kotlin",0,-0.050404495005853624,-0.07440593920591325,Frontend / UI Web
146,Desarrollador Web Fullstack,Desarrollador Web Fullstack,Copa Airlines,LinkedIn,2026-01-22,1800.0,2400.0,1,Fullstack,Buscamos un Desarrollador Web Fullstack dinámico para integrarse a nuestro equipo de tecnología. Trabajarás en el desarrollo y mantenimiento de sistemas críticos para Copa Airlines en Panamá.,"Python,Docker",0,-0.2477890438262413,0.03725768466203236,Frontend / UI Web
147,IT Project Manager,IT Project Manager,GBM Panamá,Computrabajo,2026-02-03,2700.0,4000.0,8,Gestión & Agile,Buscamos un IT Project Manager dinámico para integrarse a nuestro equipo de tecnología. Trabajarás en el desarrollo y mantenimiento de sistemas críticos para GBM Panamá en Panamá.,"Excel,Scrum,Agile,Jira",1,0.7533815123809304,-0.46999880271776195,Data & Analytics / BI
148,Data Scientist,Data Scientist,PwC Panamá,LinkedIn,2026-02-26,1900.0,3000.0,3,Data & Analytics,Buscamos un Data Scientist dinámico para integrarse a nuestro equipo de tecnología. Trabajarás en el desarrollo y mantenimiento de sistemas críticos para PwC Panamá en Panamá.,"Python,PostgreSQL,Spark,Tableau,Power BI",3,0.0016436816193491125,0.0489423427825265,Data & Analytics / BI
149,Ingeniero de Soporte,Ingeniero de Soporte,Copa Airlines,LinkedIn,2026-02-19,800.0,1400.0,1,Soporte & IT,"En Copa Airlines estamos expandiendo nuestro equipo técnico. Requerimos Ingeniero de Soporte con sólidos conocimientos en Virtualización, Redes para liderar la transformación digital de la empresa.","Redes,Virtualización",2,0.16801346461617697,0.3718733465031684,DevOps & Cloud Infrastructure
150,Soporte Técnico IT,Soporte Técnico IT,Multibank,Konzerta,2026-02-21,1100.0,1800.0,2,Soporte & IT,Buscamos un Soporte Técnico IT dinámico para integrarse a nuestro equipo de tecnología. Trabajarás en el desarrollo y mantenimiento de sistemas críticos para Multibank en Panamá.,"Linux,Excel,Cisco,Virtualización",2,0.31355555187041484,0.45414015800459173,DevOps & Cloud Infrastructure
151,Android Developer,Android Developer,Global Bank,LinkedIn,2026-01-03,1700.0,2200.0,3,Mobile,Gran oportunidad laboral en Ciudad de Panamá. Importante empresa del sector (Global Bank) busca incorporar un Android Developer con al menos 3 años de experiencia comprobada.,"Git,Swift",0,-0.166823156645275,-0.08838594351204199,Frontend / UI Web
152,IT Project Manager,IT Project Manager,Grupo El Machetazo,Computrabajo,2026-03-24,2600.0,3400.0,5,Gestión & Agile,Gran oportunidad laboral en Ciudad de Panamá. Importante empresa del sector (Grupo El Machetazo) busca incorporar un IT Project Manager con al menos 5 años de experiencia comprobada.,"Agile,Jira",1,0.5321301370160346,-0.46039057173819353,Data & Analytics / BI
153,IT Project Manager,IT Project Manager,Sonda Panamá,Computrabajo,2026-01-14,2700.0,3200.0,5,Gestión & Agile,"En Sonda Panamá estamos expandiendo nuestro equipo técnico. Requerimos IT Project Manager con sólidos conocimientos en Excel, Scrum para liderar la transformación digital de la empresa.","Excel,Scrum",1,0.5475741418765874,-0.18632001757060665,Data & Analytics / BI
154,Administrador Cloud,Administrador Cloud,Multibank,Computrabajo,2025-12-28,2700.0,4200.0,5,DevOps & Cloud,Gran oportunidad laboral en Ciudad de Panamá. Importante empresa del sector (Multibank) busca incorporar un Administrador Cloud con al menos 5 años de experiencia comprobada.,"Linux,AWS",0,-0.08129799659244012,0.308389911882409,Frontend / UI Web
155,React Developer,React Developer,Banistmo,Konzerta,2026-01-16,1400.0,2500.0,3,Frontend,Gran oportunidad laboral en Ciudad de Panamá. Importante empresa del sector (Banistmo) busca incorporar un React Developer con al menos 3 años de experiencia comprobada.,"JavaScript,Vue",0,-0.14275574650835,-0.14290815762830056,Frontend / UI Web
156,Analista de Datos,Analista de Datos,Autoridad del Canal de Panamá (ACP),Konzerta,2026-05-15,1600.0,3000.0,3,Data & Analytics,Gran oportunidad laboral en Ciudad de Panamá. Importante empresa del sector (Autoridad del Canal de Panamá (ACP)) busca incorporar un Analista de Datos con al menos 3 años de experiencia comprobada.,"Python,R,Spark,Power BI",3,0.0003969494136751899,0.04712460104920896,Data & Analytics / BI
157,Frontend Developer,Frontend Developer,Telered,LinkedIn,2026-05-18,1600.0,2000.0,2,Frontend,Gran oportunidad laboral en Ciudad de Panamá. Importante empresa del sector (Telered) busca incorporar un Frontend Developer con al menos 2 años de experiencia comprobada.,"Git,React,HTML",0,-0.2491555720523983,-0.16507986455615425,Frontend / UI Web
158,Fullstack Engineer,Fullstack Engineer,Multibank,Computrabajo,2026-01-10,2000.0,3600.0,3,Fullstack,"En Multibank estamos expandiendo nuestro equipo técnico. Requerimos Fullstack Engineer con sólidos conocimientos en JavaScript, Node.js, SQL, Docker para liderar la transformación digital de la empresa.","JavaScript,SQL,Docker,Node.js",0,-0.28496997490752873,-0.13846447271562712,Frontend / UI Web
159,Desarrollador Web Fullstack,Desarrollador Web Fullstack,KPMG Panamá,LinkedIn,2026-03-14,2400.0,2900.0,3,Fullstack,Buscamos un Desarrollador Web Fullstack dinámico para integrarse a nuestro equipo de tecnología. Trabajarás en el desarrollo y mantenimiento de sistemas críticos para KPMG Panamá en Panamá.,"Python,JavaScript,Docker",0,-0.337144189807241,-0.08474470013303909,Frontend / UI Web
160,IT Project Manager,IT Project Manager,Tigo Panamá,LinkedIn,2026-04-24,1800.0,4100.0,1,Gestión & Agile,Gran oportunidad laboral en Ciudad de Panamá. Importante empresa del sector (Tigo Panamá) busca incorporar un IT Project Manager con al menos 1 años de experiencia comprobada.,"Excel,Agile",1,0.5680839828641658,-0.2284859345123654,Data & Analytics / BI
161,Cloud Infrastructure Specialist,Cloud Infrastructure Specialist,Caja de Seguro Social,Konzerta,2025-12-17,2700.0,4300.0,5,DevOps & Cloud,Gran oportunidad laboral en Ciudad de Panamá. Importante empresa del sector (Caja de Seguro Social) busca incorporar un Cloud Infrastructure Specialist con al menos 5 años de experiencia comprobada.,"Python,Kubernetes,AWS",0,-0.2305452566782217,0.11317221513794072,Frontend / UI Web
162,Android Developer,Android Developer,PwC Panamá,Computrabajo,2026-02-03,1800.0,2500.0,3,Mobile,"En PwC Panamá estamos expandiendo nuestro equipo técnico. Requerimos Android Developer con sólidos conocimientos en JavaScript, Kotlin, Swift, Git para liderar la transformación digital de la empresa.","Git,JavaScript,Swift,Kotlin",0,-0.2368466027169425,-0.17498389309981924,Frontend / UI Web
163,React Developer,React Developer,PwC Panamá,Konzerta,2026-02-13,1300.0,2700.0,2,Frontend,"En PwC Panamá estamos expandiendo nuestro equipo técnico. Requerimos React Developer con sólidos conocimientos en TypeScript, Vue, Angular, HTML, CSS para liderar la transformación digital de la empresa.","Angular,HTML,Vue,CSS,TypeScript",0,-0.0780769284992364,-0.11972202320663868,Frontend / UI Web
164,Product Owner,Product Owner,Telered,Konzerta,2026-01-28,2500.0,3700.0,1,Gestión & Agile,Gran oportunidad laboral en Ciudad de Panamá. Importante empresa del sector (Telered) busca incorporar un Product Owner con al menos 1 años de experiencia comprobada.,"Excel,Scrum,Jira",1,0.6539197813291537,-0.34517243332674624,Data & Analytics / BI
165,BI Engineer,BI Engineer,EY Panamá,Computrabajo,2026-02-07,2100.0,3500.0,1,Data & Analytics,Buscamos un BI Engineer dinámico para integrarse a nuestro equipo de tecnología. Trabajarás en el desarrollo y mantenimiento de sistemas críticos para EY Panamá en Panamá.,"Python,Excel,SQL,Tableau,Power BI",3,0.08603135397552171,0.042600992462290266,Data & Analytics / BI
166,Desarrollador Web Fullstack,Desarrollador Web Fullstack,Grupo El Machetazo,Computrabajo,2025-12-30,1700.0,2200.0,3,Fullstack,Gran oportunidad laboral en Ciudad de Panamá. Importante empresa del sector (Grupo El Machetazo) busca incorporar un Desarrollador Web Fullstack con al menos 3 años de experiencia comprobada.,"Python,Git,AWS,React,Docker",0,-0.4635758451312087,-0.06839281769223397,Frontend / UI Web
167,Data Analyst,Data Analyst,KPMG Panamá,LinkedIn,2026-01-21,2100.0,3200.0,1,Data & Analytics,Gran oportunidad laboral en Ciudad de Panamá. Importante empresa del sector (KPMG Panamá) busca incorporar un Data Analyst con al menos 1 años de experiencia comprobada.,"Excel,Spark,Tableau",3,0.2328864416514721,0.06045199139393834,Data & Analytics / BI
168,DevOps Engineer,DevOps Engineer,PwC Panamá,LinkedIn,2026-02-06,2400.0,3400.0,3,DevOps & Cloud,Gran oportunidad laboral en Ciudad de Panamá. Importante empresa del sector (PwC Panamá) busca incorporar un DevOps Engineer con al menos 3 años de experiencia comprobada.,"Python,Kubernetes,Linux,Git,AWS",0,-0.2545246418691693,0.23398998816134547,Frontend / UI Web
169,Frontend Developer,Frontend Developer,Copa Airlines,LinkedIn,2026-04-16,1200.0,2500.0,2,Frontend,Gran oportunidad laboral en Ciudad de Panamá. Importante empresa del sector (Copa Airlines) busca incorporar un Frontend Developer con al menos 2 años de experiencia comprobada.,"Angular,React",0,-0.1605104481291511,-0.15965516450886405,Frontend / UI Web
170,.NET Consultant,.NET Consultant,Banco General,Konzerta,2026-04-06,1800.0,3100.0,2,Backend,Gran oportunidad laboral en Ciudad de Panamá. Importante empresa del sector (Banco General) busca incorporar un .NET Consultant con al menos 2 años de experiencia comprobada.,"Git,Spring Boot",3,-0.14915354768444983,-0.04537001658975446,Data & Analytics / BI
171,Administrador Cloud,Administrador Cloud,Panafoto,Konzerta,2026-05-30,2200.0,3800.0,2,DevOps & Cloud,Gran oportunidad laboral en Ciudad de Panamá. Importante empresa del sector (Panafoto) busca incorporar un Administrador Cloud con al menos 2 años de experiencia comprobada.,"Python,Git,Terraform",0,-0.23178654071024835,0.03761229358784233,Frontend / UI Web
172,Administrador Cloud,Administrador Cloud,Telered,LinkedIn,2026-04-25,2700.0,3100.0,7,DevOps & Cloud,"En Telered estamos expandiendo nuestro equipo técnico. Requerimos Administrador Cloud con sólidos conocimientos en Python, Kubernetes, Git para liderar la transformación digital de la empresa.","Python,Kubernetes,Git",0,-0.25452898901616483,0.04711179720821428,Frontend / UI Web
173,Android Developer,Android Developer,Encuentra24 PA,LinkedIn,2026-04-11,1700.0,2800.0,1,Mobile,"En Encuentra24 PA estamos expandiendo nuestro equipo técnico. Requerimos Android Developer con sólidos conocimientos en JavaScript, Git para liderar la transformación digital de la empresa.","Git,JavaScript",0,-0.3429496229921784,-0.2036547014112629,Frontend / UI Web
174,iOS App Developer,iOS App Developer,EY Panamá,Konzerta,2026-03-18,1700.0,2400.0,2,Mobile,Gran oportunidad laboral en Ciudad de Panamá. Importante empresa del sector (EY Panamá) busca incorporar un iOS App Developer con al menos 2 años de experiencia comprobada.,"Git,Swift",0,-0.166823156645275,-0.08838594351204199,Frontend / UI Web
175,Fullstack Engineer,Fullstack Engineer,KPMG Panamá,LinkedIn,2026-06-11,1700.0,3100.0,3,Fullstack,Buscamos un Fullstack Engineer dinámico para integrarse a nuestro equipo de tecnología. Trabajarás en el desarrollo y mantenimiento de sistemas críticos para KPMG Panamá en Panamá.,"React,SQL,Docker",0,-0.2628554419846357,-0.11638866745465497,Frontend / UI Web
176,React Developer,React Developer,Banco General,LinkedIn,2026-04-24,1500.0,2100.0,2,Frontend,Gran oportunidad laboral en Ciudad de Panamá. Importante empresa del sector (Banco General) busca incorporar un React Developer con al menos 2 años de experiencia comprobada.,"Git,Angular,React,TypeScript",0,-0.2318028516835655,-0.17645355352969058,Frontend / UI Web
177,Data Scientist,Data Scientist,Caja de Seguro Social,Computrabajo,2026-04-29,2400.0,3800.0,2,Data & Analytics,Buscamos un Data Scientist dinámico para integrarse a nuestro equipo de tecnología. Trabajarás en el desarrollo y mantenimiento de sistemas críticos para Caja de Seguro Social en Panamá.,"Python,R,SQL,PostgreSQL,Tableau",3,-0.05544715082753195,0.018541822555931984,Data & Analytics / BI
178,Administrador Cloud,Administrador Cloud,PwC Panamá,LinkedIn,2026-04-22,2100.0,2400.0,3,DevOps & Cloud,Buscamos un Administrador Cloud dinámico para integrarse a nuestro equipo de tecnología. Trabajarás en el desarrollo y mantenimiento de sistemas críticos para PwC Panamá en Panamá.,"Kubernetes,Linux,AWS",0,-0.10557496023440739,0.28949421837360445,Frontend / UI Web
179,Administrador de Sistemas,Administrador de Sistemas,Grupo El Machetazo,Computrabajo,2026-01-20,900.0,1700.0,3,Soporte & IT,"En Grupo El Machetazo estamos expandiendo nuestro equipo técnico. Requerimos Administrador de Sistemas con sólidos conocimientos en Linux, Redes, Excel, Windows Server, Virtualización para liderar la transformación digital de la empresa.","Linux,Excel,Windows Server,Redes,Virtualización",2,0.3809782772084021,0.6831469359278773,DevOps & Cloud Infrastructure
180,Administrador de Sistemas,Administrador de Sistemas,Tigo Panamá,Konzerta,2026-01-15,800.0,1300.0,3,Soporte & IT,Gran oportunidad laboral en Ciudad de Panamá. Importante empresa del sector (Tigo Panamá) busca incorporar un Administrador de Sistemas con al menos 3 años de experiencia comprobada.,"Excel,Windows Server,Redes,Cisco,Virtualización",2,0.3837593360744964,0.6238362889274286,DevOps & Cloud Infrastructure
181,IT Project Manager,IT Project Manager,Grupo El Machetazo,Konzerta,2026-03-01,2100.0,3000.0,2,Gestión & Agile,Gran oportunidad laboral en Ciudad de Panamá. Importante empresa del sector (Grupo El Machetazo) busca incorporar un IT Project Manager con al menos 2 años de experiencia comprobada.,"Excel,Scrum,Agile",1,0.662758075194531,-0.35439715004567957,Data & Analytics / BI
182,Administrador de Sistemas,Administrador de Sistemas,Multibank,LinkedIn,2026-03-23,1000.0,1700.0,2,Soporte & IT,Buscamos un Administrador de Sistemas dinámico para integrarse a nuestro equipo de tecnología. Trabajarás en el desarrollo y mantenimiento de sistemas críticos para Multibank en Panamá.,"Linux,Excel,Cisco,Virtualización",2,0.31355555187041484,0.45414015800459173,DevOps & Cloud Infrastructure
183,Fullstack Engineer,Fullstack Engineer,Banistmo,Konzerta,2026-05-30,1900.0,2800.0,1,Fullstack,Buscamos un Fullstack Engineer dinámico para integrarse a nuestro equipo de tecnología. Trabajarás en el desarrollo y mantenimiento de sistemas críticos para Banistmo en Panamá.,"Git,JavaScript,React,SQL,Node.js",0,-0.3768434967030636,-0.23838421726481382,Frontend / UI Web
184,DevOps Engineer,DevOps Engineer,Global Bank,LinkedIn,2026-01-13,2300.0,3100.0,1,DevOps & Cloud,Gran oportunidad laboral en Ciudad de Panamá. Importante empresa del sector (Global Bank) busca incorporar un DevOps Engineer con al menos 1 años de experiencia comprobada.,"Kubernetes,AWS,Azure,Docker",0,-0.24165044136824076,0.11617691092796524,Frontend / UI Web
185,Fullstack Engineer,Fullstack Engineer,Sonda Panamá,Konzerta,2025-12-25,2200.0,3600.0,2,Fullstack,Buscamos un Fullstack Engineer dinámico para integrarse a nuestro equipo de tecnología. Trabajarás en el desarrollo y mantenimiento de sistemas críticos para Sonda Panamá en Panamá.,"AWS,JavaScript,Docker",0,-0.34854054483164765,-0.07025991785666631,Frontend / UI Web
186,IT Project Manager,IT Project Manager,Dell Technologies Panamá,LinkedIn,2026-01-11,1800.0,3900.0,1,Gestión & Agile,"En Dell Technologies Panamá estamos expandiendo nuestro equipo técnico. Requerimos IT Project Manager con sólidos conocimientos en Excel, Scrum para liderar la transformación digital de la empresa.","Excel,Scrum",1,0.5475741418765874,-0.18632001757060665,Data & Analytics / BI
187,IT Project Manager,IT Project Manager,Telered,LinkedIn,2026-02-20,2100.0,3900.0,2,Gestión & Agile,Gran oportunidad laboral en Ciudad de Panamá. Importante empresa del sector (Telered) busca incorporar un IT Project Manager con al menos 2 años de experiencia comprobada.,"Excel,Scrum,Agile,Jira",1,0.7533815123809304,-0.469998802717762,Data & Analytics / BI
188,BI Engineer,BI Engineer,Felipe Motta,LinkedIn,2026-03-17,2100.0,2900.0,1,Data & Analytics,Buscamos un BI Engineer dinámico para integrarse a nuestro equipo de tecnología. Trabajarás en el desarrollo y mantenimiento de sistemas críticos para Felipe Motta en Panamá.,"Excel,Tableau",3,0.27571489553508266,0.060302024534980576,Data & Analytics / BI
189,Ingeniero de Soporte,Ingeniero de Soporte,Banco General,Konzerta,2026-04-05,900.0,1500.0,3,Soporte & IT,"En Banco General estamos expandiendo nuestro equipo técnico. Requerimos Ingeniero de Soporte con sólidos conocimientos en Cisco, Linux para liderar la transformación digital de la empresa.","Linux,Cisco",2,0.13954345069654797,0.4236603674150803,DevOps & Cloud Infrastructure
190,UI Developer,UI Developer,KPMG Panamá,LinkedIn,2026-05-21,1600.0,2700.0,2,Frontend,Buscamos un UI Developer dinámico para integrarse a nuestro equipo de tecnología. Trabajarás en el desarrollo y mantenimiento de sistemas críticos para KPMG Panamá en Panamá.,"JavaScript,Angular,React",0,-0.2555173187858414,-0.23482242135074394,Frontend / UI Web
191,Product Owner,Product Owner,Panafoto,Computrabajo,2026-02-05,2200.0,3200.0,3,Gestión & Agile,"En Panafoto estamos expandiendo nuestro equipo técnico. Requerimos Product Owner con sólidos conocimientos en Excel, Jira, Scrum, Agile para liderar la transformación digital de la empresa.","Excel,Scrum,Agile,Jira",1,0.7533815123809304,-0.46999880271776207,Data & Analytics / BI
192,Java Engineer,Java Engineer,Dell Technologies Panamá,Konzerta,2026-04-23,1900.0,3300.0,3,Backend,"En Dell Technologies Panamá estamos expandiendo nuestro equipo técnico. Requerimos Java Engineer con sólidos conocimientos en Python, .NET, Docker para liderar la transformación digital de la empresa.","Python,Docker,.NET",3,-0.20263694526806048,0.025436128396783934,Data & Analytics / BI
193,Administrador de Sistemas,Administrador de Sistemas,Copa Airlines,Konzerta,2026-05-08,1100.0,1500.0,2,Soporte & IT,Buscamos un Administrador de Sistemas dinámico para integrarse a nuestro equipo de tecnología. Trabajarás en el desarrollo y mantenimiento de sistemas críticos para Copa Airlines en Panamá.,"Linux,Windows Server,Redes,Cisco",2,0.2695028799300809,0.7066814920456912,DevOps & Cloud Infrastructure
194,Analista de Datos,Analista de Datos,Encuentra24 PA,LinkedIn,2026-03-20,1600.0,2000.0,1,Data & Analytics,Gran oportunidad laboral en Ciudad de Panamá. Importante empresa del sector (Encuentra24 PA) busca incorporar un Analista de Datos con al menos 1 años de experiencia comprobada.,"R,Excel,Spark,Tableau,Power BI",3,0.17464774668762217,0.058548111835133344,Data & Analytics / BI
195,.NET Consultant,.NET Consultant,KPMG Panamá,Konzerta,2025-12-18,1400.0,3400.0,3,Backend,Gran oportunidad laboral en Ciudad de Panamá. Importante empresa del sector (KPMG Panamá) busca incorporar un .NET Consultant con al menos 3 años de experiencia comprobada.,"Git,Spring Boot",3,-0.14915354768444983,-0.04537001658975444,Data & Analytics / BI
196,Scrum Master,Scrum Master,Supermercados Riba Smith,LinkedIn,2026-05-20,2400.0,3800.0,3,Gestión & Agile,"En Supermercados Riba Smith estamos expandiendo nuestro equipo técnico. Requerimos Scrum Master con sólidos conocimientos en Jira, Agile para liderar la transformación digital de la empresa.","Agile,Jira",1,0.5321301370160346,-0.4603905717381934,Data & Analytics / BI
197,Scrum Master,Scrum Master,Supermercados Riba Smith,Computrabajo,2026-04-11,2700.0,3700.0,6,Gestión & Agile,Gran oportunidad laboral en Ciudad de Panamá. Importante empresa del sector (Supermercados Riba Smith) busca incorporar un Scrum Master con al menos 6 años de experiencia comprobada.,"Excel,Scrum,Agile,Jira",1,0.7533815123809304,-0.4699988027177621,Data & Analytics / BI
198,Desarrollador Web Fullstack,Desarrollador Web Fullstack,Global Bank,LinkedIn,2026-04-04,1800.0,2600.0,2,Fullstack,Buscamos un Desarrollador Web Fullstack dinámico para integrarse a nuestro equipo de tecnología. Trabajarás en el desarrollo y mantenimiento de sistemas críticos para Global Bank en Panamá.,"Python,AWS,React",0,-0.3378839831220405,-0.04447950809224684,Frontend / UI Web
199,IT Project Manager,IT Project Manager,Panafoto,Konzerta,2026-06-04,2400.0,3600.0,2,Gestión & Agile,Buscamos un IT Project Manager dinámico para integrarse a nuestro equipo de tecnología. Trabajarás en el desarrollo y mantenimiento de sistemas críticos para Panafoto en Panamá.,"Excel,Jira",1,0.5560832277731869,-0.21693313888499743,Data & Analytics / BI
200,Scrum Master,Scrum Master,Tigo Panamá,Konzerta,2026-05-11,2300.0,4000.0,3,Gestión & Agile,"En Tigo Panamá estamos expandiendo nuestro equipo técnico. Requerimos Scrum Master con sólidos conocimientos en Excel, Agile para liderar la transformación digital de la empresa.","Excel,Agile",1,0.5680839828641661,-0.2284859345123653,Data & Analytics / BI
