id,titulo_original,puesto,empresa,portal,fecha_publicacion,salario_min,salario_max,experiencia_anios,categoria_rol,descripcion,habilidades
1,DevOps Engineer,DevOps Engineer,GBM Panamá,Computrabajo,2026-03-15,1800.0,2700.0,2,DevOps & Cloud,"En GBM Panamá estamos expandiendo nuestro equipo técnico. Requerimos DevOps Engineer con sólidos conocimientos en Python, Kubernetes, Linux, Git, AWS para liderar la transformación digital de la empresa.","Python,Kubernetes,Linux,Git,AWS"
2,Data Analyst,Data Analyst,KPMG Panamá,Computrabajo,2026-02-03,2200.0,3700.0,1,Data & Analytics,Gran oportunidad laboral en Ciudad de Panamá. Importante empresa del sector (KPMG Panamá) busca incorporar un Data Analyst con al menos 1 años de experiencia comprobada.,"Python,R,Excel"
3,IT Project Manager,IT Project Manager,Panafoto,Computrabajo,2026-02-18,2400.0,4200.0,1,Gestión & Agile,"En Panafoto estamos expandiendo nuestro equipo técnico. Requerimos IT Project Manager con sólidos conocimientos en Excel, Scrum, Agile, Jira para liderar la transformación digital de la empresa.","Excel,Scrum,Agile,Jira"
4,DevOps Engineer,DevOps Engineer,Banco General,Computrabajo,2026-05-12,2000.0,3700.0,1,DevOps & Cloud,"En Banco General estamos expandiendo nuestro equipo técnico. Requerimos DevOps Engineer con sólidos conocimientos en Python, Azure, Git para liderar la transformación digital de la empresa.","Python,Git,Azure"
5,React Developer,React Developer,Multibank,Computrabajo,2026-04-08,1400.0,2800.0,3,Frontend,Buscamos un React Developer dinámico para integrarse a nuestro equipo de tecnología. Trabajarás en el desarrollo y mantenimiento de sistemas críticos para Multibank en Panamá.,"JavaScript,Angular"
6,Frontend Developer,Frontend Developer,Copa Airlines,Konzerta,2026-03-01,1400.0,1700.0,2,Frontend,Gran oportunidad laboral en Ciudad de Panamá. Importante empresa del sector (Copa Airlines) busca incorporar un Frontend Developer con al menos 2 años de experiencia comprobada.,"Git,Angular,React,HTML"
7,BI Engineer,BI Engineer,Telered,Konzerta,2026-06-10,2200.0,3400.0,1,Data & Analytics,Gran oportunidad laboral en Ciudad de Panamá. Importante empresa del sector (Telered) busca incorporar un BI Engineer con al menos 1 años de experiencia comprobada.,"Python,R,SQL"
8,Cloud Infrastructure Specialist,Cloud Infrastructure Specialist,Supermercados Riba Smith,LinkedIn,2026-03-16,2500.0,3600.0,3,DevOps & Cloud,Buscamos un Cloud Infrastructure Specialist dinámico para integrarse a nuestro equipo de tecnología. Trabajarás en el desarrollo y mantenimiento de sistemas críticos para Supermercados Riba Smith en Panamá.,"Kubernetes,Git,Azure"
9,Mobile Developer,Mobile Developer,APEDE,Computrabajo,2026-01-24,1500.0,2800.0,1,Mobile,Buscamos un Mobile Developer dinámico para integrarse a nuestro equipo de tecnología. Trabajarás en el desarrollo y mantenimiento de sistemas críticos para APEDE en Panamá.,"JavaScript,Flutter,React Native"
10,Frontend Developer,Frontend Developer,Supermercados Riba Smith,Konzerta,2026-03-14,1800.0,2400.0,2,Frontend,"En Supermercados Riba Smith estamos expandiendo nuestro equipo técnico. Requerimos Frontend Developer con sólidos conocimientos en JavaScript, Git, Vue, Angular, CSS para liderar la transformación digital de la empresa.","Git,JavaScript,Angular,Vue,CSS"
11,Cloud Infrastructure Specialist,Cloud Infrastructure Specialist,KPMG Panamá,LinkedIn,2026-04-15,1900.0,3000.0,1,DevOps & Cloud,Gran oportunidad laboral en Ciudad de Panamá. Importante empresa del sector (KPMG Panamá) busca incorporar un Cloud Infrastructure Specialist con al menos 1 años de experiencia comprobada.,"Python,Git,Azure,Docker"
12,Desarrollador Web Fullstack,Desarrollador Web Fullstack,Copa Airlines,Konzerta,2026-06-06,2300.0,3600.0,2,Fullstack,Gran oportunidad laboral en Ciudad de Panamá. Importante empresa del sector (Copa Airlines) busca incorporar un Desarrollador Web Fullstack con al menos 2 años de experiencia comprobada.,"Git,AWS,JavaScript,React,Docker"
13,Fullstack Engineer,Fullstack Engineer,Felipe Motta,Konzerta,2026-01-12,2300.0,3800.0,3,Fullstack,Buscamos un Fullstack Engineer dinámico para integrarse a nuestro equipo de tecnología. Trabajarás en el desarrollo y mantenimiento de sistemas críticos para Felipe Motta en Panamá.,"Python,JavaScript,React,Node.js"
14,UI Developer,UI Developer,Copa Airlines,LinkedIn,2026-05-10,1300.0,2600.0,3,Frontend,Buscamos un UI Developer dinámico para integrarse a nuestro equipo de tecnología. Trabajarás en el desarrollo y mantenimiento de sistemas críticos para Copa Airlines en Panamá.,"Angular,React,TypeScript"
15,.NET Consultant,.NET Consultant,Dell Technologies Panamá,LinkedIn,2026-06-12,1500.0,3500.0,2,Backend,"En Dell Technologies Panamá estamos expandiendo nuestro equipo técnico. Requerimos .NET Consultant con sólidos conocimientos en Python, Java, PostgreSQL, C#, .NET para liderar la transformación digital de la empresa.","Python,Java,PostgreSQL,C#,.NET"
16,Frontend Developer,Frontend Developer,Cable & Wireless,LinkedIn,2026-04-16,1300.0,2100.0,2,Frontend,Buscamos un Frontend Developer dinámico para integrarse a nuestro equipo de tecnología. Trabajarás en el desarrollo y mantenimiento de sistemas críticos para Cable & Wireless en Panamá.,"Git,React,CSS"
17,Soporte Técnico IT,Soporte Técnico IT,Banco General,Computrabajo,2026-05-02,900.0,1200.0,3,Soporte & IT,"En Banco General estamos expandiendo nuestro equipo técnico. Requerimos Soporte Técnico IT con sólidos conocimientos en Windows Server, Redes para liderar la transformación digital de la empresa.","Windows Server,Redes"
18,Administrador de Sistemas,Administrador de Sistemas,Multibank,Computrabajo,2026-01-12,1100.0,1600.0,2,Soporte & IT,Buscamos un Administrador de Sistemas dinámico para integrarse a nuestro equipo de tecnología. Trabajarás en el desarrollo y mantenimiento de sistemas críticos para Multibank en Panamá.,"Excel,Windows Server,Cisco,Virtualización"
19,Data Analyst,Data Analyst,Dell Technologies Panamá,LinkedIn,2026-04-27,1900.0,2800.0,2,Data & Analytics,"En Dell Technologies Panamá estamos expandiendo nuestro equipo técnico. Requerimos Data Analyst con sólidos conocimientos en Python, Excel, Spark, PostgreSQL para liderar la transformación digital de la empresa.","Python,Excel,PostgreSQL,Spark"
20,IT Project Manager,IT Project Manager,Sonda Panamá,LinkedIn,2026-05-24,2300.0,3900.0,1,Gestión & Agile,Gran oportunidad laboral en Ciudad de Panamá. Importante empresa del sector (Sonda Panamá) busca incorporar un IT Project Manager con al menos 1 años de experiencia comprobada.,"Scrum,Agile,Jira"
21,React Developer,React Developer,Grupo El Machetazo,Konzerta,2026-02-15,1400.0,2400.0,2,Frontend,"En Grupo El Machetazo estamos expandiendo nuestro equipo técnico. Requerimos React Developer con sólidos conocimientos en JavaScript, TypeScript, Git, HTML, CSS para liderar la transformación digital de la empresa.","Git,JavaScript,HTML,CSS,TypeScript"
22,Backend Developer,Backend Developer,Supermercados Riba Smith,Konzerta,2026-02-25,1500.0,2700.0,2,Backend,Gran oportunidad laboral en Ciudad de Panamá. Importante empresa del sector (Supermercados Riba Smith) busca incorporar un Backend Developer con al menos 2 años de experiencia comprobada.,"Docker,Java,PostgreSQL,.NET,Spring Boot"
23,Python Developer,Python Developer,Felipe Motta,Konzerta,2026-03-02,1700.0,3000.0,2,Backend,Buscamos un Python Developer dinámico para integrarse a nuestro equipo de tecnología. Trabajarás en el desarrollo y mantenimiento de sistemas críticos para Felipe Motta en Panamá.,"Git,Docker,PostgreSQL,.NET,Spring Boot"
24,Scrum Master,Scrum Master,Panafoto,LinkedIn,2025-12-29,2100.0,3800.0,3,Gestión & Agile,Buscamos un Scrum Master dinámico para integrarse a nuestro equipo de tecnología. Trabajarás en el desarrollo y mantenimiento de sistemas críticos para Panafoto en Panamá.,"Excel,Scrum"
25,Fullstack Engineer,Fullstack Engineer,Tigo Panamá,Konzerta,2026-05-25,1700.0,3600.0,2,Fullstack,Gran oportunidad laboral en Ciudad de Panamá. Importante empresa del sector (Tigo Panamá) busca incorporar un Fullstack Engineer con al menos 2 años de experiencia comprobada.,"Git,React,Docker,Node.js"
26,Fullstack Engineer,Fullstack Engineer,Tigo Panamá,LinkedIn,2026-01-06,2000.0,2300.0,3,Fullstack,"En Tigo Panamá estamos expandiendo nuestro equipo técnico. Requerimos Fullstack Engineer con sólidos conocimientos en AWS, Docker para liderar la transformación digital de la empresa.","AWS,Docker"
27,UI Developer,UI Developer,Caja de Seguro Social,Konzerta,2026-05-22,1500.0,2800.0,1,Frontend,Buscamos un UI Developer dinámico para integrarse a nuestro equipo de tecnología. Trabajarás en el desarrollo y mantenimiento de sistemas críticos para Caja de Seguro Social en Panamá.,"JavaScript,React,Vue,CSS,TypeScript"
28,DevOps Engineer,DevOps Engineer,Grupo El Machetazo,Computrabajo,2026-04-29,2700.0,3200.0,6,DevOps & Cloud,"En Grupo El Machetazo estamos expandiendo nuestro equipo técnico. Requerimos DevOps Engineer con sólidos conocimientos en Python, AWS, Kubernetes, Linux para liderar la transformación digital de la empresa.","Python,Kubernetes,Linux,AWS"
29,Scrum Master,Scrum Master,Grupo El Machetazo,Computrabajo,2026-04-19,2000.0,3600.0,2,Gestión & Agile,Buscamos un Scrum Master dinámico para integrarse a nuestro equipo de tecnología. Trabajarás en el desarrollo y mantenimiento de sistemas críticos para Grupo El Machetazo en Panamá.,"Excel,Scrum,Agile,Jira"
30,iOS App Developer,iOS App Developer,Dell Technologies Panamá,LinkedIn,2026-04-21,1300.0,2000.0,2,Mobile,"En Dell Technologies Panamá estamos expandiendo nuestro equipo técnico. Requerimos iOS App Developer con sólidos conocimientos en Flutter, Swift, Git para liderar la transformación digital de la empresa.","Git,Flutter,Swift"
31,Data Analyst,Data Analyst,Telered,Computrabajo,2026-05-20,1700.0,2900.0,2,Data & Analytics,Gran oportunidad laboral en Ciudad de Panamá. Importante empresa del sector (Telered) busca incorporar un Data Analyst con al menos 2 años de experiencia comprobada.,"Python,Tableau,Power BI"
32,Administrador de Sistemas,Administrador de Sistemas,Autoridad del Canal de Panamá (ACP),Konzerta,2026-05-05,1000.0,1300.0,1,Soporte & IT,"En Autoridad del Canal de Panamá (ACP) estamos expandiendo nuestro equipo técnico. Requerimos Administrador de Sistemas con sólidos conocimientos en Excel, Cisco, Linux, Redes para liderar la transformación digital de la empresa.","Linux,Excel,Redes,Cisco"
33,Python Developer,Python Developer,Autoridad del Canal de Panamá (ACP),Konzerta,2026-06-12,2200.0,3500.0,1,Backend,Gran oportunidad laboral en Ciudad de Panamá. Importante empresa del sector (Autoridad del Canal de Panamá (ACP)) busca incorporar un Python Developer con al menos 1 años de experiencia comprobada.,"Python,SQL,C#,.NET"
34,UI Developer,UI Developer,Grupo El Machetazo,Konzerta,2026-04-29,1200.0,2500.0,1,Frontend,Buscamos un UI Developer dinámico para integrarse a nuestro equipo de tecnología. Trabajarás en el desarrollo y mantenimiento de sistemas críticos para Grupo El Machetazo en Panamá.,"Git,JavaScript,React"
35,Frontend Developer,Frontend Developer,Sonda Panamá,Computrabajo,2026-03-20,1400.0,1900.0,1,Frontend,Buscamos un Frontend Developer dinámico para integrarse a nuestro equipo de tecnología. Trabajarás en el desarrollo y mantenimiento de sistemas críticos para Sonda Panamá en Panamá.,"Git,JavaScript,Vue,TypeScript"
36,Soporte Técnico IT,Soporte Técnico IT,Encuentra24 PA,Computrabajo,2025-12-17,1200.0,1500.0,1,Soporte & IT,Gran oportunidad laboral en Ciudad de Panamá. Importante empresa del sector (Encuentra24 PA) busca incorporar un Soporte Técnico IT con al menos 1 años de experiencia comprobada.,"Linux,Excel,Redes,Virtualización"
37,.NET Consultant,.NET Consultant,Dell Technologies Panamá,Computrabajo,2026-03-22,1800.0,2400.0,3,Backend,Gran oportunidad laboral en Ciudad de Panamá. Importante empresa del sector (Dell Technologies Panamá) busca incorporar un .NET Consultant con al menos 3 años de experiencia comprobada.,"Python,SQL,Node.js,.NET,Spring Boot"
38,Ingeniero de Soporte,Ingeniero de Soporte,APEDE,Computrabajo,2026-05-25,800.0,1400.0,3,Soporte & IT,Gran oportunidad laboral en Ciudad de Panamá. Importante empresa del sector (APEDE) busca incorporar un Ingeniero de Soporte con al menos 3 años de experiencia comprobada.,"Windows Server,Redes"
39,Desarrollador Web Fullstack,Desarrollador Web Fullstack,KPMG Panamá,Computrabajo,2026-03-20,2500.0,3700.0,2,Fullstack,"En KPMG Panamá estamos expandiendo nuestro equipo técnico. Requerimos Desarrollador Web Fullstack con sólidos conocimientos en Python, AWS, Docker, Git para liderar la transformación digital de la empresa.","Python,Git,AWS,Docker"
40,Data Analyst,Data Analyst,Panafoto,Konzerta,2026-06-06,2400.0,3300.0,1,Data & Analytics,"En Panafoto estamos expandiendo nuestro equipo técnico. Requerimos Data Analyst con sólidos conocimientos en Python, Tableau, Spark para liderar la transformación digital de la empresa.","Python,Spark,Tableau"
41,Administrador de Sistemas,Administrador de Sistemas,Encuentra24 PA,Konzerta,2026-03-20,1000.0,1600.0,2,Soporte & IT,Gran oportunidad laboral en Ciudad de Panamá. Importante empresa del sector (Encuentra24 PA) busca incorporar un Administrador de Sistemas con al menos 2 años de experiencia comprobada.,"Linux,Excel,Windows Server,Redes,Virtualización"
42,.NET Consultant,.NET Consultant,Telered,Konzerta,2026-04-16,1800.0,3300.0,2,Backend,"En Telered estamos expandiendo nuestro equipo técnico. Requerimos .NET Consultant con sólidos conocimientos en Python, Docker, Java para liderar la transformación digital de la empresa.","Python,Docker,Java"
43,UI Developer,UI Developer,Felipe Motta,Computrabajo,2026-04-01,1800.0,2500.0,2,Frontend,Gran oportunidad laboral en Ciudad de Panamá. Importante empresa del sector (Felipe Motta) busca incorporar un UI Developer con al menos 2 años de experiencia comprobada.,"JavaScript,Angular"
44,Administrador de Sistemas,Administrador de Sistemas,Dell Technologies Panamá,LinkedIn,2026-02-26,900.0,1700.0,2,Soporte & IT,"En Dell Technologies Panamá estamos expandiendo nuestro equipo técnico. Requerimos Administrador de Sistemas con sólidos conocimientos en Excel, Cisco, Windows Server, Linux para liderar la transformación digital de la empresa.","Linux,Excel,Windows Server,Cisco"
45,IT Project Manager,IT Project Manager,Copa Airlines,Konzerta,2026-03-29,1900.0,3200.0,1,Gestión & Agile,Gran oportunidad laboral en Ciudad de Panamá. Importante empresa del sector (Copa Airlines) busca incorporar un IT Project Manager con al menos 1 años de experiencia comprobada.,"Excel,Jira"
46,Analista de Datos,Analista de Datos,Supermercados Riba Smith,Computrabajo,2026-02-14,2100.0,3000.0,1,Data & Analytics,Buscamos un Analista de Datos dinámico para integrarse a nuestro equipo de tecnología. Trabajarás en el desarrollo y mantenimiento de sistemas críticos para Supermercados Riba Smith en Panamá.,"Excel,SQL,Spark"
47,IT Project Manager,IT Project Manager,Felipe Motta,LinkedIn,2026-05-01,1900.0,2300.0,2,Gestión & Agile,Buscamos un IT Project Manager dinámico para integrarse a nuestro equipo de tecnología. Trabajarás en el desarrollo y mantenimiento de sistemas críticos para Felipe Motta en Panamá.,"Excel,Scrum,Agile,Jira"
48,Analista de Datos,Analista de Datos,Dell Technologies Panamá,Computrabajo,2026-01-29,1600.0,2300.0,1,Data & Analytics,"En Dell Technologies Panamá estamos expandiendo nuestro equipo técnico. Requerimos Analista de Datos con sólidos conocimientos en Python, Power BI, SQL, PostgreSQL, Excel para liderar la transformación digital de la empresa.","Python,Excel,SQL,PostgreSQL,Power BI"
49,IT Project Manager,IT Project Manager,KPMG Panamá,Konzerta,2026-04-28,2500.0,2800.0,3,Gestión & Agile,"En KPMG Panamá estamos expandiendo nuestro equipo técnico. Requerimos IT Project Manager con sólidos conocimientos en Jira, Scrum, Agile para liderar la transformación digital de la empresa.","Scrum,Agile,Jira"
50,Frontend Developer,Frontend Developer,Encuentra24 PA,Computrabajo,2026-04-14,1200.0,2400.0,2,Frontend,Gran oportunidad laboral en Ciudad de Panamá. Importante empresa del sector (Encuentra24 PA) busca incorporar un Frontend Developer con al menos 2 años de experiencia comprobada.,"React,HTML"
51,DevOps Engineer,DevOps Engineer,Banco General,Konzerta,2026-05-22,2800.0,3900.0,7,DevOps & Cloud,Buscamos un DevOps Engineer dinámico para integrarse a nuestro equipo de tecnología. Trabajarás en el desarrollo y mantenimiento de sistemas críticos para Banco General en Panamá.,"Python,Linux,Git,AWS,Azure,Terraform"
52,Python Developer,Python Developer,Banco General,LinkedIn,2026-03-01,1800.0,2900.0,2,Backend,"En Banco General estamos expandiendo nuestro equipo técnico. Requerimos Python Developer con sólidos conocimientos en Node.js, Git, PostgreSQL para liderar la transformación digital de la empresa.","Git,Node.js,PostgreSQL"
53,Android Developer,Android Developer,GBM Panamá,Computrabajo,2026-01-28,1700.0,2900.0,1,Mobile,Gran oportunidad laboral en Ciudad de Panamá. Importante empresa del sector (GBM Panamá) busca incorporar un Android Developer con al menos 1 años de experiencia comprobada.,"Git,Flutter,Swift,Kotlin"
54,Python Developer,Python Developer,Copa Airlines,Computrabajo,2026-06-01,1700.0,2600.0,2,Backend,"En Copa Airlines estamos expandiendo nuestro equipo técnico. Requerimos Python Developer con sólidos conocimientos en Python, Java, Spring Boot, C# para liderar la transformación digital de la empresa.","Python,Java,C#,Spring Boot"
55,Ingeniero de Soporte,Ingeniero de Soporte,Dell Technologies Panamá,LinkedIn,2026-06-07,1100.0,1500.0,3,Soporte & IT,Gran oportunidad laboral en Ciudad de Panamá. Importante empresa del sector (Dell Technologies Panamá) busca incorporar un Ingeniero de Soporte con al menos 3 años de experiencia comprobada.,"Windows Server,Redes"
56,Fullstack Engineer,Fullstack Engineer,APEDE,LinkedIn,2026-05-13,2300.0,3700.0,3,Fullstack,"En APEDE estamos expandiendo nuestro equipo técnico. Requerimos Fullstack Engineer con sólidos conocimientos en Python, React, Node.js, SQL, AWS para liderar la transformación digital de la empresa.","Python,AWS,React,SQL,Node.js"
57,Desarrollador Web Fullstack,Desarrollador Web Fullstack,Dell Technologies Panamá,LinkedIn,2026-01-05,2000.0,3000.0,2,Fullstack,"En Dell Technologies Panamá estamos expandiendo nuestro equipo técnico. Requerimos Desarrollador Web Fullstack con sólidos conocimientos en AWS, Git para liderar la transformación digital de la empresa.","Git,AWS"
58,Ingeniero de Soporte,Ingeniero de Soporte,Dell Technologies Panamá,Konzerta,2026-01-19,800.0,1400.0,1,Soporte & IT,"En Dell Technologies Panamá estamos expandiendo nuestro equipo técnico. Requerimos Ingeniero de Soporte con sólidos conocimientos en Linux, Redes, Excel, Windows Server, Virtualización para liderar la transformación digital de la empresa.","Linux,Excel,Windows Server,Redes,Virtualización"
59,iOS App Developer,iOS App Developer,Global Bank,Konzerta,2026-02-13,1900.0,3000.0,3,Mobile,Gran oportunidad laboral en Ciudad de Panamá. Importante empresa del sector (Global Bank) busca incorporar un iOS App Developer con al menos 3 años de experiencia comprobada.,"Git,Flutter,React Native,Kotlin"
60,Frontend Developer,Frontend Developer,Global Bank,Computrabajo,2026-04-21,1600.0,2300.0,3,Frontend,Buscamos un Frontend Developer dinámico para integrarse a nuestro equipo de tecnología. Trabajarás en el desarrollo y mantenimiento de sistemas críticos para Global Bank en Panamá.,"Angular,Vue,CSS"
61,Android Developer,Android Developer,Supermercados Riba Smith,Computrabajo,2026-04-04,1800.0,2400.0,2,Mobile,Buscamos un Android Developer dinámico para integrarse a nuestro equipo de tecnología. Trabajarás en el desarrollo y mantenimiento de sistemas críticos para Supermercados Riba Smith en Panamá.,"JavaScript,Kotlin"
62,Data Scientist,Data Scientist,Encuentra24 PA,Computrabajo,2026-04-12,1900.0,2800.0,1,Data & Analytics,Buscamos un Data Scientist dinámico para integrarse a nuestro equipo de tecnología. Trabajarás en el desarrollo y mantenimiento de sistemas críticos para Encuentra24 PA en Panamá.,"R,PostgreSQL,Spark,Power BI"
63,Java Engineer,Java Engineer,Autoridad del Canal de Panamá (ACP),Computrabajo,2026-05-15,1400.0,2800.0,2,Backend,Gran oportunidad laboral en Ciudad de Panamá. Importante empresa del sector (Autoridad del Canal de Panamá (ACP)) busca incorporar un Java Engineer con al menos 2 años de experiencia comprobada.,"Python,Node.js,Java,.NET,Spring Boot"
64,Soporte Técnico IT,Soporte Técnico IT,Banistmo,Konzerta,2026-02-27,900.0,1400.0,1,Soporte & IT,Gran oportunidad laboral en Ciudad de Panamá. Importante empresa del sector (Banistmo) busca incorporar un Soporte Técnico IT con al menos 1 años de experiencia comprobada.,"Excel,Redes,Cisco,Virtualización"
65,Data Analyst,Data Analyst,GBM Panamá,LinkedIn,2026-01-11,2200.0,3600.0,3,Data & Analytics,Buscamos un Data Analyst dinámico para integrarse a nuestro equipo de tecnología. Trabajarás en el desarrollo y mantenimiento de sistemas críticos para GBM Panamá en Panamá.,"Python,R,Excel,PostgreSQL,Spark,Tableau"
66,UI Developer,UI Developer,Autoridad del Canal de Panamá (ACP),Computrabajo,2026-05-23,1400.0,1700.0,1,Frontend,"En Autoridad del Canal de Panamá (ACP) estamos expandiendo nuestro equipo técnico. Requerimos UI Developer con sólidos conocimientos en JavaScript, React, CSS para liderar la transformación digital de la empresa.","JavaScript,React,CSS"
67,Mobile Developer,Mobile Developer,Cable & Wireless,Computrabajo,2026-03-02,1500.0,2400.0,1,Mobile,"En Cable & Wireless estamos expandiendo nuestro equipo técnico. Requerimos Mobile Developer con sólidos conocimientos en JavaScript, Git, Kotlin para liderar la transformación digital de la empresa.","Git,JavaScript,Kotlin"
68,Ingeniero de Soporte,Ingeniero de Soporte,Sonda Panamá,LinkedIn,2026-01-29,1100.0,1700.0,2,Soporte & IT,Gran oportunidad laboral en Ciudad de Panamá. Importante empresa del sector (Sonda Panamá) busca incorporar un Ingeniero de Soporte con al menos 2 años de experiencia comprobada.,"Linux,Excel,Windows Server,Cisco"
69,Python Developer,Python Developer,Sonda Panamá,Konzerta,2026-05-27,1700.0,3200.0,3,Backend,Gran oportunidad laboral en Ciudad de Panamá. Importante empresa del sector (Sonda Panamá) busca incorporar un Python Developer con al menos 3 años de experiencia comprobada.,"Python,Git,Node.js,Spring Boot"
70,Fullstack Engineer,Fullstack Engineer,Encuentra24 PA,LinkedIn,2026-01-03,2000.0,3800.0,2,Fullstack,"En Encuentra24 PA estamos expandiendo nuestro equipo técnico. Requerimos Fullstack Engineer con sólidos conocimientos en JavaScript, SQL para liderar la transformación digital de la empresa.","JavaScript,SQL"
71,Administrador Cloud,Administrador Cloud,Copa Airlines,Konzerta,2026-02-26,2400.0,4100.0,3,DevOps & Cloud,Buscamos un Administrador Cloud dinámico para integrarse a nuestro equipo de tecnología. Trabajarás en el desarrollo y mantenimiento de sistemas críticos para Copa Airlines en Panamá.,"Linux,AWS,Azure"
72,Soporte Técnico IT,Soporte Técnico IT,Tigo Panamá,Konzerta,2026-04-23,1200.0,1700.0,3,Soporte & IT,"En Tigo Panamá estamos expandiendo nuestro equipo técnico. Requerimos Soporte Técnico IT con sólidos conocimientos en Cisco, Windows Server, Linux, Redes para liderar la transformación digital de la empresa.","Linux,Windows Server,Redes,Cisco"
73,Cloud Infrastructure Specialist,Cloud Infrastructure Specialist,EY Panamá,Computrabajo,2026-02-12,2100.0,3700.0,2,DevOps & Cloud,"En EY Panamá estamos expandiendo nuestro equipo técnico. Requerimos Cloud Infrastructure Specialist con sólidos conocimientos en Python, Terraform, Linux para liderar la transformación digital de la empresa.","Python,Linux,Terraform"
74,iOS App Developer,iOS App Developer,PwC Panamá,Computrabajo,2026-03-06,1600.0,2500.0,3,Mobile,"En PwC Panamá estamos expandiendo nuestro equipo técnico. Requerimos iOS App Developer con sólidos conocimientos en JavaScript, Swift, React Native, Git para liderar la transformación digital de la empresa.","Git,JavaScript,React Native,Swift"
75,Fullstack Engineer,Fullstack Engineer,Panafoto,Computrabajo,2026-02-28,1600.0,2800.0,2,Fullstack,"En Panafoto estamos expandiendo nuestro equipo técnico. Requerimos Fullstack Engineer con sólidos conocimientos en React, Git para liderar la transformación digital de la empresa.","Git,React"
76,Mobile Developer,Mobile Developer,GBM Panamá,LinkedIn,2026-05-24,1900.0,2800.0,1,Mobile,Buscamos un Mobile Developer dinámico para integrarse a nuestro equipo de tecnología. Trabajarás en el desarrollo y mantenimiento de sistemas críticos para GBM Panamá en Panamá.,"JavaScript,Flutter,React Native,Swift,Kotlin"
77,Administrador Cloud,Administrador Cloud,EY Panamá,LinkedIn,2026-04-03,2700.0,3300.0,5,DevOps & Cloud,Buscamos un Administrador Cloud dinámico para integrarse a nuestro equipo de tecnología. Trabajarás en el desarrollo y mantenimiento de sistemas críticos para EY Panamá en Panamá.,"Kubernetes,Azure,Docker,Terraform"
78,Ingeniero de Soporte,Ingeniero de Soporte,Cable & Wireless,Konzerta,2026-05-13,1100.0,1500.0,2,Soporte & IT,Gran oportunidad laboral en Ciudad de Panamá. Importante empresa del sector (Cable & Wireless) busca incorporar un Ingeniero de Soporte con al menos 2 años de experiencia comprobada.,"Linux,Redes,Virtualización"
79,iOS App Developer,iOS App Developer,Tigo Panamá,Konzerta,2026-05-13,1900.0,2700.0,3,Mobile,Buscamos un iOS App Developer dinámico para integrarse a nuestro equipo de tecnología. Trabajarás en el desarrollo y mantenimiento de sistemas críticos para Tigo Panamá en Panamá.,"Swift,Kotlin"
80,UI Developer,UI Developer,Caja de Seguro Social,Computrabajo,2026-02-05,1200.0,1800.0,3,Frontend,Gran oportunidad laboral en Ciudad de Panamá. Importante empresa del sector (Caja de Seguro Social) busca incorporar un UI Developer con al menos 3 años de experiencia comprobada.,"Angular,HTML,Vue,CSS,TypeScript"
81,Ingeniero de Soporte,Ingeniero de Soporte,Caja de Seguro Social,Konzerta,2026-01-07,1200.0,1600.0,2,Soporte & IT,Buscamos un Ingeniero de Soporte dinámico para integrarse a nuestro equipo de tecnología. Trabajarás en el desarrollo y mantenimiento de sistemas críticos para Caja de Seguro Social en Panamá.,"Linux,Excel"
82,Administrador Cloud,Administrador Cloud,Caja de Seguro Social,Computrabajo,2026-05-21,2700.0,3400.0,5,DevOps & Cloud,Gran oportunidad laboral en Ciudad de Panamá. Importante empresa del sector (Caja de Seguro Social) busca incorporar un Administrador Cloud con al menos 5 años de experiencia comprobada.,"Python,Kubernetes,Docker,Terraform"
83,Desarrollador Web Fullstack,Desarrollador Web Fullstack,Felipe Motta,Konzerta,2026-01-30,2200.0,4000.0,2,Fullstack,Buscamos un Desarrollador Web Fullstack dinámico para integrarse a nuestro equipo de tecnología. Trabajarás en el desarrollo y mantenimiento de sistemas críticos para Felipe Motta en Panamá.,"Python,Git,JavaScript,SQL"
84,Administrador Cloud,Administrador Cloud,Encuentra24 PA,Konzerta,2026-03-22,2000.0,4100.0,2,DevOps & Cloud,Buscamos un Administrador Cloud dinámico para integrarse a nuestro equipo de tecnología. Trabajarás en el desarrollo y mantenimiento de sistemas críticos para Encuentra24 PA en Panamá.,"Python,Linux,Git,Azure,Docker"
85,Desarrollador Web Fullstack,Desarrollador Web Fullstack,Supermercados Riba Smith,Computrabajo,2026-02-20,1900.0,2500.0,2,Fullstack,Buscamos un Desarrollador Web Fullstack dinámico para integrarse a nuestro equipo de tecnología. Trabajarás en el desarrollo y mantenimiento de sistemas críticos para Supermercados Riba Smith en Panamá.,"Git,AWS"
86,Data Analyst,Data Analyst,Banistmo,Computrabajo,2026-05-07,1500.0,3400.0,2,Data & Analytics,"En Banistmo estamos expandiendo nuestro equipo técnico. Requerimos Data Analyst con sólidos conocimientos en Python, Tableau, Power BI, R, Spark para liderar la transformación digital de la empresa.","Python,R,Spark,Tableau,Power BI"
87,Ingeniero de Soporte,Ingeniero de Soporte,Autoridad del Canal de Panamá (ACP),Konzerta,2026-04-18,1200.0,1600.0,1,Soporte & IT,"En Autoridad del Canal de Panamá (ACP) estamos expandiendo nuestro equipo técnico. Requerimos Ingeniero de Soporte con sólidos conocimientos en Excel, Windows Server, Linux, Redes para liderar la transformación digital de la empresa.","Linux,Excel,Windows Server,Redes"
88,Python Developer,Python Developer,Sonda Panamá,Computrabajo,2026-05-29,1500.0,3000.0,3,Backend,Buscamos un Python Developer dinámico para integrarse a nuestro equipo de tecnología. Trabajarás en el desarrollo y mantenimiento de sistemas críticos para Sonda Panamá en Panamá.,"Git,Java,PostgreSQL,Spring Boot"
89,Java Engineer,Java Engineer,Autoridad del Canal de Panamá (ACP),Computrabajo,2026-01-22,2100.0,3100.0,2,Backend,Buscamos un Java Engineer dinámico para integrarse a nuestro equipo de tecnología. Trabajarás en el desarrollo y mantenimiento de sistemas críticos para Autoridad del Canal de Panamá (ACP) en Panamá.,"Docker,Node.js,.NET"
90,Cloud Infrastructure Specialist,Cloud Infrastructure Specialist,Encuentra24 PA,LinkedIn,2026-04-08,2400.0,3300.0,2,DevOps & Cloud,"En Encuentra24 PA estamos expandiendo nuestro equipo técnico. Requerimos Cloud Infrastructure Specialist con sólidos conocimientos en Python, Azure, Linux, Git para liderar la transformación digital de la empresa.","Python,Linux,Git,Azure"
91,Java Engineer,Java Engineer,GBM Panamá,Konzerta,2026-05-06,2200.0,2800.0,3,Backend,Buscamos un Java Engineer dinámico para integrarse a nuestro equipo de tecnología. Trabajarás en el desarrollo y mantenimiento de sistemas críticos para GBM Panamá en Panamá.,"Python,Docker,Node.js,PostgreSQL,C#"
92,Backend Developer,Backend Developer,Felipe Motta,Computrabajo,2026-02-09,1600.0,2900.0,2,Backend,Gran oportunidad laboral en Ciudad de Panamá. Importante empresa del sector (Felipe Motta) busca incorporar un Backend Developer con al menos 2 años de experiencia comprobada.,"Python,.NET,Spring Boot"
93,Desarrollador Web Fullstack,Desarrollador Web Fullstack,GBM Panamá,Konzerta,2026-01-03,2400.0,2800.0,1,Fullstack,"En GBM Panamá estamos expandiendo nuestro equipo técnico. Requerimos Desarrollador Web Fullstack con sólidos conocimientos en Python, JavaScript, Git, SQL, AWS para liderar la transformación digital de la empresa.","Python,Git,AWS,JavaScript,SQL"
94,Backend Developer,Backend Developer,Telered,LinkedIn,2026-03-19,1500.0,2000.0,2,Backend,Gran oportunidad laboral en Ciudad de Panamá. Importante empresa del sector (Telered) busca incorporar un Backend Developer con al menos 2 años de experiencia comprobada.,"Python,SQL,.NET"
95,IT Project Manager,IT Project Manager,Multibank,LinkedIn,2026-01-02,1800.0,2800.0,1,Gestión & Agile,Buscamos un IT Project Manager dinámico para integrarse a nuestro equipo de tecnología. Trabajarás en el desarrollo y mantenimiento de sistemas críticos para Multibank en Panamá.,"Excel,Scrum,Agile,Jira"
96,Product Owner,Product Owner,Felipe Motta,Computrabajo,2026-05-14,2700.0,3000.0,7,Gestión & Agile,Gran oportunidad laboral en Ciudad de Panamá. Importante empresa del sector (Felipe Motta) busca incorporar un Product Owner con al menos 7 años de experiencia comprobada.,"Agile,Jira"
97,DevOps Engineer,DevOps Engineer,Cable & Wireless,Konzerta,2026-01-15,2300.0,3300.0,2,DevOps & Cloud,Gran oportunidad laboral en Ciudad de Panamá. Importante empresa del sector (Cable & Wireless) busca incorporar un DevOps Engineer con al menos 2 años de experiencia comprobada.,"AWS,Azure,Docker,Terraform"
98,Cloud Infrastructure Specialist,Cloud Infrastructure Specialist,Felipe Motta,LinkedIn,2026-01-05,1900.0,3000.0,2,DevOps & Cloud,Buscamos un Cloud Infrastructure Specialist dinámico para integrarse a nuestro equipo de tecnología. Trabajarás en el desarrollo y mantenimiento de sistemas críticos para Felipe Motta en Panamá.,"Python,Linux,Git,AWS,Docker"
99,Product Owner,Product Owner,Copa Airlines,LinkedIn,2026-04-08,2600.0,4000.0,5,Gestión & Agile,Gran oportunidad laboral en Ciudad de Panamá. Importante empresa del sector (Copa Airlines) busca incorporar un Product Owner con al menos 5 años de experiencia comprobada.,"Excel,Scrum,Agile,Jira"
100,DevOps Engineer,DevOps Engineer,Dell Technologies Panamá,Konzerta,2026-02-05,2300.0,3500.0,3,DevOps & Cloud,Buscamos un DevOps Engineer dinámico para integrarse a nuestro equipo de tecnología. Trabajarás en el desarrollo y mantenimiento de sistemas críticos para Dell Technologies Panamá en Panamá.,"Kubernetes,Linux,Git,Azure,Terraform"
101,Mobile Developer,Mobile Developer,PwC Panamá,Konzerta,2026-04-28,1600.0,2900.0,1,Mobile,"En PwC Panamá estamos expandiendo nuestro equipo técnico. Requerimos Mobile Developer con sólidos conocimientos en Kotlin, Flutter, Swift, Git para liderar la transformación digital de la empresa.","Git,Flutter,Swift,Kotlin"
102,DevOps Engineer,DevOps Engineer,Panafoto,LinkedIn,2026-05-20,2100.0,3300.0,1,DevOps & Cloud,Gran oportunidad laboral en Ciudad de Panamá. Importante empresa del sector (Panafoto) busca incorporar un DevOps Engineer con al menos 1 años de experiencia comprobada.,"Python,Kubernetes,Terraform"
103,Desarrollador Web Fullstack,Desarrollador Web Fullstack,GBM Panamá,Konzerta,2026-05-04,1800.0,2200.0,3,Fullstack,"En GBM Panamá estamos expandiendo nuestro equipo técnico. Requerimos Desarrollador Web Fullstack con sólidos conocimientos en Python, AWS, React, JavaScript para liderar la transformación digital de la empresa.","Python,AWS,JavaScript,React"
104,Analista de Datos,Analista de Datos,Tigo Panamá,LinkedIn,2026-01-11,2100.0,2900.0,2,Data & Analytics,Buscamos un Analista de Datos dinámico para integrarse a nuestro equipo de tecnología. Trabajarás en el desarrollo y mantenimiento de sistemas críticos para Tigo Panamá en Panamá.,"Excel,Tableau,Power BI"
105,React Developer,React Developer,Telered,Konzerta,2026-04-17,1700.0,2200.0,3,Frontend,Buscamos un React Developer dinámico para integrarse a nuestro equipo de tecnología. Trabajarás en el desarrollo y mantenimiento de sistemas críticos para Telered en Panamá.,"Git,React,Vue,TypeScript"
106,Python Developer,Python Developer,Dell Technologies Panamá,LinkedIn,2026-03-20,1800.0,2500.0,2,Backend,Buscamos un Python Developer dinámico para integrarse a nuestro equipo de tecnología. Trabajarás en el desarrollo y mantenimiento de sistemas críticos para Dell Technologies Panamá en Panamá.,"Node.js,Java,PostgreSQL,.NET"
107,Administrador de Sistemas,Administrador de Sistemas,Grupo El Machetazo,Konzerta,2026-01-23,1000.0,1800.0,3,Soporte & IT,"En Grupo El Machetazo estamos expandiendo nuestro equipo técnico. Requerimos Administrador de Sistemas con sólidos conocimientos en Excel, Cisco, Windows Server, Redes para liderar la transformación digital de la empresa.","Excel,Windows Server,Redes,Cisco"
108,Product Owner,Product Owner,KPMG Panamá,Computrabajo,2026-03-05,1800.0,3500.0,1,Gestión & Agile,Buscamos un Product Owner dinámico para integrarse a nuestro equipo de tecnología. Trabajarás en el desarrollo y mantenimiento de sistemas críticos para KPMG Panamá en Panamá.,"Excel,Scrum,Agile,Jira"
109,Android Developer,Android Developer,Caja de Seguro Social,LinkedIn,2026-01-21,1900.0,3000.0,2,Mobile,"En Caja de Seguro Social estamos expandiendo nuestro equipo técnico. Requerimos Android Developer con sólidos conocimientos en JavaScript, Flutter, Kotlin para liderar la transformación digital de la empresa.","JavaScript,Flutter,Kotlin"
110,Scrum Master,Scrum Master,Cable & Wireless,Computrabajo,2026-04-17,1800.0,3600.0,3,Gestión & Agile,Gran oportunidad laboral en Ciudad de Panamá. Importante empresa del sector (Cable & Wireless) busca incorporar un Scrum Master con al menos 3 años de experiencia comprobada.,"Scrum,Agile"
111,Analista de Datos,Analista de Datos,Telered,Computrabajo,2026-05-17,1700.0,2400.0,1,Data & Analytics,Buscamos un Analista de Datos dinámico para integrarse a nuestro equipo de tecnología. Trabajarás en el desarrollo y mantenimiento de sistemas críticos para Telered en Panamá.,"Python,Excel,Spark"
112,Cloud Infrastructure Specialist,Cloud Infrastructure Specialist,Dell Technologies Panamá,LinkedIn,2025-12-19,2800.0,4400.0,7,DevOps & Cloud,Gran oportunidad laboral en Ciudad de Panamá. Importante empresa del sector (Dell Technologies Panamá) busca incorporar un Cloud Infrastructure Specialist con al menos 7 años de experiencia comprobada.,"Kubernetes,Git,Terraform"
113,Data Scientist,Data Scientist,APEDE,LinkedIn,2026-04-27,1700.0,3700.0,3,Data & Analytics,Gran oportunidad laboral en Ciudad de Panamá. Importante empresa del sector (APEDE) busca incorporar un Data Scientist con al menos 3 años de experiencia comprobada.,"Python,SQL,PostgreSQL,Spark,Power BI"
114,DevOps Engineer,DevOps Engineer,PwC Panamá,Computrabajo,2026-04-08,2200.0,2800.0,1,DevOps & Cloud,"En PwC Panamá estamos expandiendo nuestro equipo técnico. Requerimos DevOps Engineer con sólidos conocimientos en Kubernetes, Linux, Docker, Azure, Terraform para liderar la transformación digital de la empresa.","Kubernetes,Linux,Azure,Docker,Terraform"
115,Frontend Developer,Frontend Developer,Multibank,LinkedIn,2025-12-31,1400.0,1800.0,1,Frontend,Gran oportunidad laboral en Ciudad de Panamá. Importante empresa del sector (Multibank) busca incorporar un Frontend Developer con al menos 1 años de experiencia comprobada.,"React,HTML"
116,Fullstack Engineer,Fullstack Engineer,Banistmo,LinkedIn,2026-02-16,2100.0,4000.0,3,Fullstack,"En Banistmo estamos expandiendo nuestro equipo técnico. Requerimos Fullstack Engineer con sólidos conocimientos en React, SQL para liderar la transformación digital de la empresa.","React,SQL"
117,Backend Developer,Backend Developer,Multibank,Computrabajo,2026-01-02,1500.0,2100.0,3,Backend,Gran oportunidad laboral en Ciudad de Panamá. Importante empresa del sector (Multibank) busca incorporar un Backend Developer con al menos 3 años de experiencia comprobada.,"Docker,Node.js,PostgreSQL"
118,Product Owner,Product Owner,Cable & Wireless,Computrabajo,2026-03-25,2500.0,3500.0,3,Gestión & Agile,Buscamos un Product Owner dinámico para integrarse a nuestro equipo de tecnología. Trabajarás en el desarrollo y mantenimiento de sistemas críticos para Cable & Wireless en Panamá.,"Agile,Jira"
119,Java Engineer,Java Engineer,Autoridad del Canal de Panamá (ACP),Konzerta,2025-12-24,1700.0,2200.0,2,Backend,Gran oportunidad laboral en Ciudad de Panamá. Importante empresa del sector (Autoridad del Canal de Panamá (ACP)) busca incorporar un Java Engineer con al menos 2 años de experiencia comprobada.,"Python,Git,PostgreSQL,.NET,Spring Boot"
120,Soporte Técnico IT,Soporte Técnico IT,Multibank,Konzerta,2026-04-12,1000.0,1300.0,3,Soporte & IT,"En Multibank estamos expandiendo nuestro equipo técnico. Requerimos Soporte Técnico IT con sólidos conocimientos en Excel, Windows Server para liderar la transformación digital de la empresa.","Excel,Windows Server"
121,Android Developer,Android Developer,Telered,Computrabajo,2026-04-04,1900.0,2800.0,2,Mobile,"En Telered estamos expandiendo nuestro equipo técnico. Requerimos Android Developer con sólidos conocimientos en JavaScript, Flutter para liderar la transformación digital de la empresa.","JavaScript,Flutter"
122,Desarrollador Web Fullstack,Desarrollador Web Fullstack,Banco General,LinkedIn,2026-03-15,2200.0,3600.0,2,Fullstack,Gran oportunidad laboral en Ciudad de Panamá. Importante empresa del sector (Banco General) busca incorporar un Desarrollador Web Fullstack con al menos 2 años de experiencia comprobada.,"AWS,SQL,Node.js"
123,Desarrollador Web Fullstack,Desarrollador Web Fullstack,Multibank,LinkedIn,2026-04-15,1900.0,3300.0,1,Fullstack,Gran oportunidad laboral en Ciudad de Panamá. Importante empresa del sector (Multibank) busca incorporar un Desarrollador Web Fullstack con al menos 1 años de experiencia comprobada.,"Python,Git,React"
124,Desarrollador Web Fullstack,Desarrollador Web Fullstack,Felipe Motta,Konzerta,2026-03-03,2200.0,2800.0,1,Fullstack,Buscamos un Desarrollador Web Fullstack dinámico para integrarse a nuestro equipo de tecnología. Trabajarás en el desarrollo y mantenimiento de sistemas críticos para Felipe Motta en Panamá.,"JavaScript,React,Docker,Node.js"
125,Fullstack Engineer,Fullstack Engineer,Felipe Motta,LinkedIn,2026-03-06,2400.0,3200.0,3,Fullstack,"En Felipe Motta estamos expandiendo nuestro equipo técnico. Requerimos Fullstack Engineer con sólidos conocimientos en React, JavaScript, Node.js, Git, Docker para liderar la transformación digital de la empresa.","Git,JavaScript,React,Docker,Node.js"
126,Android Developer,Android Developer,GBM Panamá,Konzerta,2026-05-21,1500.0,2700.0,2,Mobile,Buscamos un Android Developer dinámico para integrarse a nuestro equipo de tecnología. Trabajarás en el desarrollo y mantenimiento de sistemas críticos para GBM Panamá en Panamá.,"JavaScript,React Native,Swift,Kotlin"
127,Frontend Developer,Frontend Developer,Multibank,LinkedIn,2026-01-26,1800.0,2200.0,2,Frontend,"En Multibank estamos expandiendo nuestro equipo técnico. Requerimos Frontend Developer con sólidos conocimientos en JavaScript, Git para liderar la transformación digital de la empresa.","Git,JavaScript"
128,Soporte Técnico IT,Soporte Técnico IT,Dell Technologies Panamá,Computrabajo,2026-02-24,1100.0,1600.0,1,Soporte & IT,Buscamos un Soporte Técnico IT dinámico para integrarse a nuestro equipo de tecnología. Trabajarás en el desarrollo y mantenimiento de sistemas críticos para Dell Technologies Panamá en Panamá.,"Linux,Excel"
129,Python Developer,Python Developer,Global Bank,LinkedIn,2026-03-13,1800.0,2700.0,2,Backend,Gran oportunidad laboral en Ciudad de Panamá. Importante empresa del sector (Global Bank) busca incorporar un Python Developer con al menos 2 años de experiencia comprobada.,"Java,.NET,Spring Boot"
130,Administrador de Sistemas,Administrador de Sistemas,EY Panamá,Konzerta,2026-05-04,900.0,1400.0,3,Soporte & IT,Buscamos un Administrador de Sistemas dinámico para integrarse a nuestro equipo de tecnología. Trabajarás en el desarrollo y mantenimiento de sistemas críticos para EY Panamá en Panamá.,"Linux,Excel,Windows Server"
131,Administrador de Sistemas,Administrador de Sistemas,Banistmo,LinkedIn,2025-12-24,1200.0,1600.0,1,Soporte & IT,Gran oportunidad laboral en Ciudad de Panamá. Importante empresa del sector (Banistmo) busca incorporar un Administrador de Sistemas con al menos 1 años de experiencia comprobada.,"Linux,Excel,Windows Server,Redes"
132,Administrador Cloud,Administrador Cloud,Caja de Seguro Social,Computrabajo,2026-06-11,2200.0,4000.0,3,DevOps & Cloud,Buscamos un Administrador Cloud dinámico para integrarse a nuestro equipo de tecnología. Trabajarás en el desarrollo y mantenimiento de sistemas críticos para Caja de Seguro Social en Panamá.,"Python,AWS,Azure,Docker"
133,Cloud Infrastructure Specialist,Cloud Infrastructure Specialist,EY Panamá,LinkedIn,2026-05-06,2000.0,3100.0,2,DevOps & Cloud,Gran oportunidad laboral en Ciudad de Panamá. Importante empresa del sector (EY Panamá) busca incorporar un Cloud Infrastructure Specialist con al menos 2 años de experiencia comprobada.,"Python,Linux,Docker,Terraform"
134,Desarrollador Web Fullstack,Desarrollador Web Fullstack,Encuentra24 PA,Konzerta,2026-02-25,2300.0,2900.0,1,Fullstack,"En Encuentra24 PA estamos expandiendo nuestro equipo técnico. Requerimos Desarrollador Web Fullstack con sólidos conocimientos en Python, JavaScript para liderar la transformación digital de la empresa.","Python,JavaScript"
135,Fullstack Engineer,Fullstack Engineer,Panafoto,Computrabajo,2026-03-02,2400.0,3500.0,2,Fullstack,Gran oportunidad laboral en Ciudad de Panamá. Importante empresa del sector (Panafoto) busca incorporar un Fullstack Engineer con al menos 2 años de experiencia comprobada.,"SQL,Node.js"
136,Analista de Datos,Analista de Datos,Caja de Seguro Social,Konzerta,2026-02-01,1700.0,3000.0,3,Data & Analytics,"En Caja de Seguro Social estamos expandiendo nuestro equipo técnico. Requerimos Analista de Datos con sólidos conocimientos en Python, Excel, Tableau para liderar la transformación digital de la empresa.","Python,Excel,Tableau"
137,React Developer,React Developer,EY Panamá,Computrabajo,2026-02-06,1300.0,2700.0,1,Frontend,Buscamos un React Developer dinámico para integrarse a nuestro equipo de tecnología. Trabajarás en el desarrollo y mantenimiento de sistemas críticos para EY Panamá en Panamá.,"Git,Angular,HTML,Vue,CSS"
138,BI Engineer,BI Engineer,Dell Technologies Panamá,Konzerta,2026-03-15,1900.0,3400.0,3,Data & Analytics,Gran oportunidad laboral en Ciudad de Panamá. Importante empresa del sector (Dell Technologies Panamá) busca incorporar un BI Engineer con al menos 3 años de experiencia comprobada.,"R,Excel,PostgreSQL"
139,Java Engineer,Java Engineer,Banco General,Computrabajo,2026-04-15,2200.0,3500.0,2,Backend,Gran oportunidad laboral en Ciudad de Panamá. Importante empresa del sector (Banco General) busca incorporar un Java Engineer con al menos 2 años de experiencia comprobada.,"Python,C#,.NET"
140,.NET Consultant,.NET Consultant,Tigo Panamá,Konzerta,2026-01-04,1500.0,3300.0,3,Backend,Buscamos un .NET Consultant dinámico para integrarse a nuestro equipo de tecnología. Trabajarás en el desarrollo y mantenimiento de sistemas críticos para Tigo Panamá en Panamá.,"Docker,Java,PostgreSQL,C#,Spring Boot"
141,Desarrollador Web Fullstack,Desarrollador Web Fullstack,Grupo El Machetazo,Konzerta,2026-05-12,2500.0,3000.0,1,Fullstack,Gran oportunidad laboral en Ciudad de Panamá. Importante empresa del sector (Grupo El Machetazo) busca incorporar un Desarrollador Web Fullstack con al menos 1 años de experiencia comprobada.,"Git,AWS,React,Docker"
142,Fullstack Engineer,Fullstack Engineer,GBM Panamá,Konzerta,2026-02-09,2400.0,3600.0,1,Fullstack,"En GBM Panamá estamos expandiendo nuestro equipo técnico. Requerimos Fullstack Engineer con sólidos conocimientos en Python, JavaScript, React, Node.js, AWS para liderar la transformación digital de la empresa.","Python,AWS,JavaScript,React,Node.js"
143,Desarrollador Web Fullstack,Desarrollador Web Fullstack,EY Panamá,Konzerta,2026-02-23,1700.0,3700.0,3,Fullstack,"En EY Panamá estamos expandiendo nuestro equipo técnico. Requerimos Desarrollador Web Fullstack con sólidos conocimientos en AWS, JavaScript para liderar la transformación digital de la empresa.","AWS,JavaScript"
144,React Developer,React Developer,Sonda Panamá,LinkedIn,2026-06-02,1700.0,2500.0,3,Frontend,Buscamos un React Developer dinámico para integrarse a nuestro equipo de tecnología. Trabajarás en el desarrollo y mantenimiento de sistemas críticos para Sonda Panamá en Panamá.,"JavaScript,React,HTML,TypeScript"
145,Android Developer,Android Developer,Encuentra24 PA,LinkedIn,2026-05-13,1800.0,2500.0,2,Mobile,Buscamos un Android Developer dinámico para integrarse a nuestro equipo de tecnología. Trabajarás en el desarrollo y mantenimiento de sistemas críticos para Encuentra24 PA en Panamá.,"Swift,Kotlin"
146,Desarrollador Web Fullstack,Desarrollador Web Fullstack,Copa Airlines,LinkedIn,2026-01-22,1800.0,2400.0,1,Fullstack,Buscamos un Desarrollador Web Fullstack dinámico para integrarse a nuestro equipo de tecnología. Trabajarás en el desarrollo y mantenimiento de sistemas críticos para Copa Airlines en Panamá.,"Python,Docker"
147,IT Project Manager,IT Project Manager,GBM Panamá,Computrabajo,2026-02-03,2700.0,4000.0,8,Gestión & Agile,Buscamos un IT Project Manager dinámico para integrarse a nuestro equipo de tecnología. Trabajarás en el desarrollo y mantenimiento de sistemas críticos para GBM Panamá en Panamá.,"Excel,Scrum,Agile,Jira"
148,Data Scientist,Data Scientist,PwC Panamá,LinkedIn,2026-02-26,1900.0,3000.0,3,Data & Analytics,Buscamos un Data Scientist dinámico para integrarse a nuestro equipo de tecnología. Trabajarás en el desarrollo y mantenimiento de sistemas críticos para PwC Panamá en Panamá.,"Python,PostgreSQL,Spark,Tableau,Power BI"
149,Ingeniero de Soporte,Ingeniero de Soporte,Copa Airlines,LinkedIn,2026-02-19,800.0,1400.0,1,Soporte & IT,"En Copa Airlines estamos expandiendo nuestro equipo técnico. Requerimos Ingeniero de Soporte con sólidos conocimientos en Virtualización, Redes para liderar la transformación digital de la empresa.","Redes,Virtualización"
150,Soporte Técnico IT,Soporte Técnico IT,Multibank,Konzerta,2026-02-21,1100.0,1800.0,2,Soporte & IT,Buscamos un Soporte Técnico IT dinámico para integrarse a nuestro equipo de tecnología. Trabajarás en el desarrollo y mantenimiento de sistemas críticos para Multibank en Panamá.,"Linux,Excel,Cisco,Virtualización"
151,Android Developer,Android Developer,Global Bank,LinkedIn,2026-01-03,1700.0,2200.0,3,Mobile,Gran oportunidad laboral en Ciudad de Panamá. Importante empresa del sector (Global Bank) busca incorporar un Android Developer con al menos 3 años de experiencia comprobada.,"Git,Swift"
152,IT Project Manager,IT Project Manager,Grupo El Machetazo,Computrabajo,2026-03-24,2600.0,3400.0,5,Gestión & Agile,Gran oportunidad laboral en Ciudad de Panamá. Importante empresa del sector (Grupo El Machetazo) busca incorporar un IT Project Manager con al menos 5 años de experiencia comprobada.,"Agile,Jira"
153,IT Project Manager,IT Project Manager,Sonda Panamá,Computrabajo,2026-01-14,2700.0,3200.0,5,Gestión & Agile,"En Sonda Panamá estamos expandiendo nuestro equipo técnico. Requerimos IT Project Manager con sólidos conocimientos en Excel, Scrum para liderar la transformación digital de la empresa.","Excel,Scrum"
154,Administrador Cloud,Administrador Cloud,Multibank,Computrabajo,2025-12-28,2700.0,4200.0,5,DevOps & Cloud,Gran oportunidad laboral en Ciudad de Panamá. Importante empresa del sector (Multibank) busca incorporar un Administrador Cloud con al menos 5 años de experiencia comprobada.,"Linux,AWS"
155,React Developer,React Developer,Banistmo,Konzerta,2026-01-16,1400.0,2500.0,3,Frontend,Gran oportunidad laboral en Ciudad de Panamá. Importante empresa del sector (Banistmo) busca incorporar un React Developer con al menos 3 años de experiencia comprobada.,"JavaScript,Vue"
156,Analista de Datos,Analista de Datos,Autoridad del Canal de Panamá (ACP),Konzerta,2026-05-15,1600.0,3000.0,3,Data & Analytics,Gran oportunidad laboral en Ciudad de Panamá. Importante empresa del sector (Autoridad del Canal de Panamá (ACP)) busca incorporar un Analista de Datos con al menos 3 años de experiencia comprobada.,"Python,R,Spark,Power BI"
157,Frontend Developer,Frontend Developer,Telered,LinkedIn,2026-05-18,1600.0,2000.0,2,Frontend,Gran oportunidad laboral en Ciudad de Panamá. Importante empresa del sector (Telered) busca incorporar un Frontend Developer con al menos 2 años de experiencia comprobada.,"Git,React,HTML"
158,Fullstack Engineer,Fullstack Engineer,Multibank,Computrabajo,2026-01-10,2000.0,3600.0,3,Fullstack,"En Multibank estamos expandiendo nuestro equipo técnico. Requerimos Fullstack Engineer con sólidos conocimientos en JavaScript, Node.js, SQL, Docker para liderar la transformación digital de la empresa.","JavaScript,SQL,Docker,Node.js"
159,Desarrollador Web Fullstack,Desarrollador Web Fullstack,KPMG Panamá,LinkedIn,2026-03-14,2400.0,2900.0,3,Fullstack,Buscamos un Desarrollador Web Fullstack dinámico para integrarse a nuestro equipo de tecnología. Trabajarás en el desarrollo y mantenimiento de sistemas críticos para KPMG Panamá en Panamá.,"Python,JavaScript,Docker"
160,IT Project Manager,IT Project Manager,Tigo Panamá,LinkedIn,2026-04-24,1800.0,4100.0,1,Gestión & Agile,Gran oportunidad laboral en Ciudad de Panamá. Importante empresa del sector (Tigo Panamá) busca incorporar un IT Project Manager con al menos 1 años de experiencia comprobada.,"Excel,Agile"
161,Cloud Infrastructure Specialist,Cloud Infrastructure Specialist,Caja de Seguro Social,Konzerta,2025-12-17,2700.0,4300.0,5,DevOps & Cloud,Gran oportunidad laboral en Ciudad de Panamá. Importante empresa del sector (Caja de Seguro Social) busca incorporar un Cloud Infrastructure Specialist con al menos 5 años de experiencia comprobada.,"Python,Kubernetes,AWS"
162,Android Developer,Android Developer,PwC Panamá,Computrabajo,2026-02-03,1800.0,2500.0,3,Mobile,"En PwC Panamá estamos expandiendo nuestro equipo técnico. Requerimos Android Developer con sólidos conocimientos en JavaScript, Kotlin, Swift, Git para liderar la transformación digital de la empresa.","Git,JavaScript,Swift,Kotlin"
163,React Developer,React Developer,PwC Panamá,Konzerta,2026-02-13,1300.0,2700.0,2,Frontend,"En PwC Panamá estamos expandiendo nuestro equipo técnico. Requerimos React Developer con sólidos conocimientos en TypeScript, Vue, Angular, HTML, CSS para liderar la transformación digital de la empresa.","Angular,HTML,Vue,CSS,TypeScript"
164,Product Owner,Product Owner,Telered,Konzerta,2026-01-28,2500.0,3700.0,1,Gestión & Agile,Gran oportunidad laboral en Ciudad de Panamá. Importante empresa del sector (Telered) busca incorporar un Product Owner con al menos 1 años de experiencia comprobada.,"Excel,Scrum,Jira"
165,BI Engineer,BI Engineer,EY Panamá,Computrabajo,2026-02-07,2100.0,3500.0,1,Data & Analytics,Buscamos un BI Engineer dinámico para integrarse a nuestro equipo de tecnología. Trabajarás en el desarrollo y mantenimiento de sistemas críticos para EY Panamá en Panamá.,"Python,Excel,SQL,Tableau,Power BI"
166,Desarrollador Web Fullstack,Desarrollador Web Fullstack,Grupo El Machetazo,Computrabajo,2025-12-30,1700.0,2200.0,3,Fullstack,Gran oportunidad laboral en Ciudad de Panamá. Importante empresa del sector (Grupo El Machetazo) busca incorporar un Desarrollador Web Fullstack con al menos 3 años de experiencia comprobada.,"Python,Git,AWS,React,Docker"
167,Data Analyst,Data Analyst,KPMG Panamá,LinkedIn,2026-01-21,2100.0,3200.0,1,Data & Analytics,Gran oportunidad laboral en Ciudad de Panamá. Importante empresa del sector (KPMG Panamá) busca incorporar un Data Analyst con al menos 1 años de experiencia comprobada.,"Excel,Spark,Tableau"
168,DevOps Engineer,DevOps Engineer,PwC Panamá,LinkedIn,2026-02-06,2400.0,3400.0,3,DevOps & Cloud,Gran oportunidad laboral en Ciudad de Panamá. Importante empresa del sector (PwC Panamá) busca incorporar un DevOps Engineer con al menos 3 años de experiencia comprobada.,"Python,Kubernetes,Linux,Git,AWS"
169,Frontend Developer,Frontend Developer,Copa Airlines,LinkedIn,2026-04-16,1200.0,2500.0,2,Frontend,Gran oportunidad laboral en Ciudad de Panamá. Importante empresa del sector (Copa Airlines) busca incorporar un Frontend Developer con al menos 2 años de experiencia comprobada.,"Angular,React"
170,.NET Consultant,.NET Consultant,Banco General,Konzerta,2026-04-06,1800.0,3100.0,2,Backend,Gran oportunidad laboral en Ciudad de Panamá. Importante empresa del sector (Banco General) busca incorporar un .NET Consultant con al menos 2 años de experiencia comprobada.,"Git,Spring Boot"
171,Administrador Cloud,Administrador Cloud,Panafoto,Konzerta,2026-05-30,2200.0,3800.0,2,DevOps & Cloud,Gran oportunidad laboral en Ciudad de Panamá. Importante empresa del sector (Panafoto) busca incorporar un Administrador Cloud con al menos 2 años de experiencia comprobada.,"Python,Git,Terraform"
172,Administrador Cloud,Administrador Cloud,Telered,LinkedIn,2026-04-25,2700.0,3100.0,7,DevOps & Cloud,"En Telered estamos expandiendo nuestro equipo técnico. Requerimos Administrador Cloud con sólidos conocimientos en Python, Kubernetes, Git para liderar la transformación digital de la empresa.","Python,Kubernetes,Git"
173,Android Developer,Android Developer,Encuentra24 PA,LinkedIn,2026-04-11,1700.0,2800.0,1,Mobile,"En Encuentra24 PA estamos expandiendo nuestro equipo técnico. Requerimos Android Developer con sólidos conocimientos en JavaScript, Git para liderar la transformación digital de la empresa.","Git,JavaScript"
174,iOS App Developer,iOS App Developer,EY Panamá,Konzerta,2026-03-18,1700.0,2400.0,2,Mobile,Gran oportunidad laboral en Ciudad de Panamá. Importante empresa del sector (EY Panamá) busca incorporar un iOS App Developer con al menos 2 años de experiencia comprobada.,"Git,Swift"
175,Fullstack Engineer,Fullstack Engineer,KPMG Panamá,LinkedIn,2026-06-11,1700.0,3100.0,3,Fullstack,Buscamos un Fullstack Engineer dinámico para integrarse a nuestro equipo de tecnología. Trabajarás en el desarrollo y mantenimiento de sistemas críticos para KPMG Panamá en Panamá.,"React,SQL,Docker"
176,React Developer,React Developer,Banco General,LinkedIn,2026-04-24,1500.0,2100.0,2,Frontend,Gran oportunidad laboral en Ciudad de Panamá. Importante empresa del sector (Banco General) busca incorporar un React Developer con al menos 2 años de experiencia comprobada.,"Git,Angular,React,TypeScript"
177,Data Scientist,Data Scientist,Caja de Seguro Social,Computrabajo,2026-04-29,2400.0,3800.0,2,Data & Analytics,Buscamos un Data Scientist dinámico para integrarse a nuestro equipo de tecnología. Trabajarás en el desarrollo y mantenimiento de sistemas críticos para Caja de Seguro Social en Panamá.,"Python,R,SQL,PostgreSQL,Tableau"
178,Administrador Cloud,Administrador Cloud,PwC Panamá,LinkedIn,2026-04-22,2100.0,2400.0,3,DevOps & Cloud,Buscamos un Administrador Cloud dinámico para integrarse a nuestro equipo de tecnología. Trabajarás en el desarrollo y mantenimiento de sistemas críticos para PwC Panamá en Panamá.,"Kubernetes,Linux,AWS"
179,Administrador de Sistemas,Administrador de Sistemas,Grupo El Machetazo,Computrabajo,2026-01-20,900.0,1700.0,3,Soporte & IT,"En Grupo El Machetazo estamos expandiendo nuestro equipo técnico. Requerimos Administrador de Sistemas con sólidos conocimientos en Linux, Redes, Excel, Windows Server, Virtualización para liderar la transformación digital de la empresa.","Linux,Excel,Windows Server,Redes,Virtualización"
180,Administrador de Sistemas,Administrador de Sistemas,Tigo Panamá,Konzerta,2026-01-15,800.0,1300.0,3,Soporte & IT,Gran oportunidad laboral en Ciudad de Panamá. Importante empresa del sector (Tigo Panamá) busca incorporar un Administrador de Sistemas con al menos 3 años de experiencia comprobada.,"Excel,Windows Server,Redes,Cisco,Virtualización"
181,IT Project Manager,IT Project Manager,Grupo El Machetazo,Konzerta,2026-03-01,2100.0,3000.0,2,Gestión & Agile,Gran oportunidad laboral en Ciudad de Panamá. Importante empresa del sector (Grupo El Machetazo) busca incorporar un IT Project Manager con al menos 2 años de experiencia comprobada.,"Excel,Scrum,Agile"
182,Administrador de Sistemas,Administrador de Sistemas,Multibank,LinkedIn,2026-03-23,1000.0,1700.0,2,Soporte & IT,Buscamos un Administrador de Sistemas dinámico para integrarse a nuestro equipo de tecnología. Trabajarás en el desarrollo y mantenimiento de sistemas críticos para Multibank en Panamá.,"Linux,Excel,Cisco,Virtualización"
183,Fullstack Engineer,Fullstack Engineer,Banistmo,Konzerta,2026-05-30,1900.0,2800.0,1,Fullstack,Buscamos un Fullstack Engineer dinámico para integrarse a nuestro equipo de tecnología. Trabajarás en el desarrollo y mantenimiento de sistemas críticos para Banistmo en Panamá.,"Git,JavaScript,React,SQL,Node.js"
184,DevOps Engineer,DevOps Engineer,Global Bank,LinkedIn,2026-01-13,2300.0,3100.0,1,DevOps & Cloud,Gran oportunidad laboral en Ciudad de Panamá. Importante empresa del sector (Global Bank) busca incorporar un DevOps Engineer con al menos 1 años de experiencia comprobada.,"Kubernetes,AWS,Azure,Docker"
185,Fullstack Engineer,Fullstack Engineer,Sonda Panamá,Konzerta,2025-12-25,2200.0,3600.0,2,Fullstack,Buscamos un Fullstack Engineer dinámico para integrarse a nuestro equipo de tecnología. Trabajarás en el desarrollo y mantenimiento de sistemas críticos para Sonda Panamá en Panamá.,"AWS,JavaScript,Docker"
186,IT Project Manager,IT Project Manager,Dell Technologies Panamá,LinkedIn,2026-01-11,1800.0,3900.0,1,Gestión & Agile,"En Dell Technologies Panamá estamos expandiendo nuestro equipo técnico. Requerimos IT Project Manager con sólidos conocimientos en Excel, Scrum para liderar la transformación digital de la empresa.","Excel,Scrum"
187,IT Project Manager,IT Project Manager,Telered,LinkedIn,2026-02-20,2100.0,3900.0,2,Gestión & Agile,Gran oportunidad laboral en Ciudad de Panamá. Importante empresa del sector (Telered) busca incorporar un IT Project Manager con al menos 2 años de experiencia comprobada.,"Excel,Scrum,Agile,Jira"
188,BI Engineer,BI Engineer,Felipe Motta,LinkedIn,2026-03-17,2100.0,2900.0,1,Data & Analytics,Buscamos un BI Engineer dinámico para integrarse a nuestro equipo de tecnología. Trabajarás en el desarrollo y mantenimiento de sistemas críticos para Felipe Motta en Panamá.,"Excel,Tableau"
189,Ingeniero de Soporte,Ingeniero de Soporte,Banco General,Konzerta,2026-04-05,900.0,1500.0,3,Soporte & IT,"En Banco General estamos expandiendo nuestro equipo técnico. Requerimos Ingeniero de Soporte con sólidos conocimientos en Cisco, Linux para liderar la transformación digital de la empresa.","Linux,Cisco"
190,UI Developer,UI Developer,KPMG Panamá,LinkedIn,2026-05-21,1600.0,2700.0,2,Frontend,Buscamos un UI Developer dinámico para integrarse a nuestro equipo de tecnología. Trabajarás en el desarrollo y mantenimiento de sistemas críticos para KPMG Panamá en Panamá.,"JavaScript,Angular,React"
191,Product Owner,Product Owner,Panafoto,Computrabajo,2026-02-05,2200.0,3200.0,3,Gestión & Agile,"En Panafoto estamos expandiendo nuestro equipo técnico. Requerimos Product Owner con sólidos conocimientos en Excel, Jira, Scrum, Agile para liderar la transformación digital de la empresa.","Excel,Scrum,Agile,Jira"
192,Java Engineer,Java Engineer,Dell Technologies Panamá,Konzerta,2026-04-23,1900.0,3300.0,3,Backend,"En Dell Technologies Panamá estamos expandiendo nuestro equipo técnico. Requerimos Java Engineer con sólidos conocimientos en Python, .NET, Docker para liderar la transformación digital de la empresa.","Python,Docker,.NET"
193,Administrador de Sistemas,Administrador de Sistemas,Copa Airlines,Konzerta,2026-05-08,1100.0,1500.0,2,Soporte & IT,Buscamos un Administrador de Sistemas dinámico para integrarse a nuestro equipo de tecnología. Trabajarás en el desarrollo y mantenimiento de sistemas críticos para Copa Airlines en Panamá.,"Linux,Windows Server,Redes,Cisco"
194,Analista de Datos,Analista de Datos,Encuentra24 PA,LinkedIn,2026-03-20,1600.0,2000.0,1,Data & Analytics,Gran oportunidad laboral en Ciudad de Panamá. Importante empresa del sector (Encuentra24 PA) busca incorporar un Analista de Datos con al menos 1 años de experiencia comprobada.,"R,Excel,Spark,Tableau,Power BI"
195,.NET Consultant,.NET Consultant,KPMG Panamá,Konzerta,2025-12-18,1400.0,3400.0,3,Backend,Gran oportunidad laboral en Ciudad de Panamá. Importante empresa del sector (KPMG Panamá) busca incorporar un .NET Consultant con al menos 3 años de experiencia comprobada.,"Git,Spring Boot"
196,Scrum Master,Scrum Master,Supermercados Riba Smith,LinkedIn,2026-05-20,2400.0,3800.0,3,Gestión & Agile,"En Supermercados Riba Smith estamos expandiendo nuestro equipo técnico. Requerimos Scrum Master con sólidos conocimientos en Jira, Agile para liderar la transformación digital de la empresa.","Agile,Jira"
197,Scrum Master,Scrum Master,Supermercados Riba Smith,Computrabajo,2026-04-11,2700.0,3700.0,6,Gestión & Agile,Gran oportunidad laboral en Ciudad de Panamá. Importante empresa del sector (Supermercados Riba Smith) busca incorporar un Scrum Master con al menos 6 años de experiencia comprobada.,"Excel,Scrum,Agile,Jira"
198,Desarrollador Web Fullstack,Desarrollador Web Fullstack,Global Bank,LinkedIn,2026-04-04,1800.0,2600.0,2,Fullstack,Buscamos un Desarrollador Web Fullstack dinámico para integrarse a nuestro equipo de tecnología. Trabajarás en el desarrollo y mantenimiento de sistemas críticos para Global Bank en Panamá.,"Python,AWS,React"
199,IT Project Manager,IT Project Manager,Panafoto,Konzerta,2026-06-04,2400.0,3600.0,2,Gestión & Agile,Buscamos un IT Project Manager dinámico para integrarse a nuestro equipo de tecnología. Trabajarás en el desarrollo y mantenimiento de sistemas críticos para Panafoto en Panamá.,"Excel,Jira"
200,Scrum Master,Scrum Master,Tigo Panamá,Konzerta,2026-05-11,2300.0,4000.0,3,Gestión & Agile,"En Tigo Panamá estamos expandiendo nuestro equipo técnico. Requerimos Scrum Master con sólidos conocimientos en Excel, Agile para liderar la transformación digital de la empresa.","Excel,Agile"
